,"Nathan: Place ZF designs mined from literature or lookup tables here. Include the path to the sequence file within this folder, and as much information as possible. If it might be relevant, include it somewhere; we can trim off what isn't needed later. Feel free to add more columns if you think of relevant features that we should include",,,,,,,,
Identifier,GENE,Source,TARGET,Sequence,ACTIVITY,Zinc Fingers,LINKER,# of Fingers,COMMENTS
,EGFP,Maeder 2008 (doi:10.1016/j.molcel.2008.06.016) Joung,GTAGGGGTC,MAAAKAEMQLMSPLQISDPFGSFPHSPTMDNYPKLEEMMLLSNGAPQFLGAAGTPEGSGGNSSSSTSSGGGGGGGSNSGSSAFNPQGEPSEQPYEHLTTESFSDIALNNEKAMVETSYPSQTTRLPPITYTGRFSLEPAPNSGNTLWPEPLFSLVSGLVSMTNPPTSSSSAPSPAASSSSSASQSPPLSCAVPSNDSSPIYSAAPTFPTPNTDIFPEPQSQAFPGSAGTALQYPPPAYPATKGGFQVPMIPDYLFPQQQGDLSLGTPDQKPFQGLENRTQQPSLTPLSTIKAFATQSGSQDLKALNTTYQSQLIKPSRMRKYPNRPSKTPPHERPYACPVESCDRRFSQDSSLRRHIRIHTGQKPFQCRICMRNFSRQEHLVRHIRTHTGEKPFACDICGRKFADPTSLNRHTKIHLRQKDKKADKSVVASPAASSLSSYPSPVATSYPSPATTSFPSPVPTSYSSPGSSTYPSPAHSGFPSPSVATTFASVPPAFPTQVSSFPSAGVSSSFSTSTGLSDMTATFSPRTIEIC,,"QDSSLRR, RQEHLVR, DPTSLNR","TGQKPFQ, TGEKPFA",3,mouse Zif268 scaffold (https://www.ncbi.nlm.nih.gov/protein/NP_031939.1?feature=any). generated by OPEN
,EGFP,Maeder 2008 (doi:10.1016/j.molcel.2008.06.016) Joung,GTAGGGGTC,MAAAKAEMQLMSPLQISDPFGSFPHSPTMDNYPKLEEMMLLSNGAPQFLGAAGTPEGSGGNSSSSTSSGGGGGGGSNSGSSAFNPQGEPSEQPYEHLTTESFSDIALNNEKAMVETSYPSQTTRLPPITYTGRFSLEPAPNSGNTLWPEPLFSLVSGLVSMTNPPTSSSSAPSPAASSSSSASQSPPLSCAVPSNDSSPIYSAAPTFPTPNTDIFPEPQSQAFPGSAGTALQYPPPAYPATKGGFQVPMIPDYLFPQQQGDLSLGTPDQKPFQGLENRTQQPSLTPLSTIKAFATQSGSQDLKALNTTYQSQLIKPSRMRKYPNRPSKTPPHERPYACPVESCDRRFSQASALSRHIRIHTGQKPFQCRICMRNFSRREHLVRHIRTHTGEKPFACDICGRKFAESGALRRHTKIHLRQKDKKADKSVVASPAASSLSSYPSPVATSYPSPATTSFPSPVPTSYSSPGSSTYPSPAHSGFPSPSVATTFASVPPAFPTQVSSFPSAGVSSSFSTSTGLSDMTATFSPRTIEIC,,"QASALSR, RREHLVR, ESGALRR","TGQKPFQ, TGEKPFA",3,mouse Zif268 scaffold (https://www.ncbi.nlm.nih.gov/protein/NP_031939.1?feature=any). generated by OPEN
,EGFP,Maeder 2008 (doi:10.1016/j.molcel.2008.06.016) Joung,GCAGCAGAA,MAAAKAEMQLMSPLQISDPFGSFPHSPTMDNYPKLEEMMLLSNGAPQFLGAAGTPEGSGGNSSSSTSSGGGGGGGSNSGSSAFNPQGEPSEQPYEHLTTESFSDIALNNEKAMVETSYPSQTTRLPPITYTGRFSLEPAPNSGNTLWPEPLFSLVSGLVSMTNPPTSSSSAPSPAASSSSSASQSPPLSCAVPSNDSSPIYSAAPTFPTPNTDIFPEPQSQAFPGSAGTALQYPPPAYPATKGGFQVPMIPDYLFPQQQGDLSLGTPDQKPFQGLENRTQQPSLTPLSTIKAFATQSGSQDLKALNTTYQSQLIKPSRMRKYPNRPSKTPPHERPYACPVESCDRRFSSQTQLVRHIRIHTGQKPFQCRICMRNFSQSTTLKRHIRTHTGEKPFACDICGRKFAQRNNLGRHTKIHLRQKDKKADKSVVASPAASSLSSYPSPVATSYPSPATTSFPSPVPTSYSSPGSSTYPSPAHSGFPSPSVATTFASVPPAFPTQVSSFPSAGVSSSFSTSTGLSDMTATFSPRTIEIC,,"SQTQLVR, QSTTLKR, QRNNLGR","TGQKPFQ, TGEKPFA",3,mouse Zif268 scaffold (https://www.ncbi.nlm.nih.gov/protein/NP_031939.1?feature=any). generated by OPEN
,EGFP,Maeder 2008 (doi:10.1016/j.molcel.2008.06.016) Joung,GCAGCAGAA,MAAAKAEMQLMSPLQISDPFGSFPHSPTMDNYPKLEEMMLLSNGAPQFLGAAGTPEGSGGNSSSSTSSGGGGGGGSNSGSSAFNPQGEPSEQPYEHLTTESFSDIALNNEKAMVETSYPSQTTRLPPITYTGRFSLEPAPNSGNTLWPEPLFSLVSGLVSMTNPPTSSSSAPSPAASSSSSASQSPPLSCAVPSNDSSPIYSAAPTFPTPNTDIFPEPQSQAFPGSAGTALQYPPPAYPATKGGFQVPMIPDYLFPQQQGDLSLGTPDQKPFQGLENRTQQPSLTPLSTIKAFATQSGSQDLKALNTTYQSQLIKPSRMRKYPNRPSKTPPHERPYACPVESCDRRFSNNAQLTRHIRIHTGQKPFQCRICMRNFSQSGTLHRHIRTHTGEKPFACDICGRKFAQRPNLGRHTKIHLRQKDKKADKSVVASPAASSLSSYPSPVATSYPSPATTSFPSPVPTSYSSPGSSTYPSPAHSGFPSPSVATTFASVPPAFPTQVSSFPSAGVSSSFSTSTGLSDMTATFSPRTIEIC,,"NNAQLTR, QSGTLHR, QRPNLGR","TGQKPFQ, TGEKPFA",3,mouse Zif268 scaffold (https://www.ncbi.nlm.nih.gov/protein/NP_031939.1?feature=any). generated by OPEN
,EGFP,Maeder 2008 (doi:10.1016/j.molcel.2008.06.016) Joung,GGTGATGAA,MAAAKAEMQLMSPLQISDPFGSFPHSPTMDNYPKLEEMMLLSNGAPQFLGAAGTPEGSGGNSSSSTSSGGGGGGGSNSGSSAFNPQGEPSEQPYEHLTTESFSDIALNNEKAMVETSYPSQTTRLPPITYTGRFSLEPAPNSGNTLWPEPLFSLVSGLVSMTNPPTSSSSAPSPAASSSSSASQSPPLSCAVPSNDSSPIYSAAPTFPTPNTDIFPEPQSQAFPGSAGTALQYPPPAYPATKGGFQVPMIPDYLFPQQQGDLSLGTPDQKPFQGLENRTQQPSLTPLSTIKAFATQSGSQDLKALNTTYQSQLIKPSRMRKYPNRPSKTPPHERPYACPVESCDRRFSTNQKLEVHIRIHTGQKPFQCRICMRNFSVRHNLQRHIRTHTGEKPFACDICGRKFAQHPNLTRHTKIHLRQKDKKADKSVVASPAASSLSSYPSPVATSYPSPATTSFPSPVPTSYSSPGSSTYPSPAHSGFPSPSVATTFASVPPAFPTQVSSFPSAGVSSSFSTSTGLSDMTATFSPRTIEIC,,"TNQKLEV, VRHNLQR, QHPNLTR","TGQKPFQ, TGEKPFA",3,mouse Zif268 scaffold (https://www.ncbi.nlm.nih.gov/protein/NP_031939.1?feature=any). generated by OPEN
,EGFP,Maeder 2008 (doi:10.1016/j.molcel.2008.06.016) Joung,GGTGATGAA,MAAAKAEMQLMSPLQISDPFGSFPHSPTMDNYPKLEEMMLLSNGAPQFLGAAGTPEGSGGNSSSSTSSGGGGGGGSNSGSSAFNPQGEPSEQPYEHLTTESFSDIALNNEKAMVETSYPSQTTRLPPITYTGRFSLEPAPNSGNTLWPEPLFSLVSGLVSMTNPPTSSSSAPSPAASSSSSASQSPPLSCAVPSNDSSPIYSAAPTFPTPNTDIFPEPQSQAFPGSAGTALQYPPPAYPATKGGFQVPMIPDYLFPQQQGDLSLGTPDQKPFQGLENRTQQPSLTPLSTIKAFATQSGSQDLKALNTTYQSQLIKPSRMRKYPNRPSKTPPHERPYACPVESCDRRFSTSQRLAVHIRIHTGQKPFQCRICMRNFSVAHNLRRHIRTHTGEKPFACDICGRKFAQRNNLDRHTKIHLRQKDKKADKSVVASPAASSLSSYPSPVATSYPSPATTSFPSPVPTSYSSPGSSTYPSPAHSGFPSPSVATTFASVPPAFPTQVSSFPSAGVSSSFSTSTGLSDMTATFSPRTIEIC,,"TSQRLAV, VAHNLRR, QRNNLDR","TGQKPFQ, TGEKPFA",3,mouse Zif268 scaffold (https://www.ncbi.nlm.nih.gov/protein/NP_031939.1?feature=any). generated by OPEN
,EGFP,Maeder 2008 (doi:10.1016/j.molcel.2008.06.016) Joung,GGCGACGAC,MAAAKAEMQLMSPLQISDPFGSFPHSPTMDNYPKLEEMMLLSNGAPQFLGAAGTPEGSGGNSSSSTSSGGGGGGGSNSGSSAFNPQGEPSEQPYEHLTTESFSDIALNNEKAMVETSYPSQTTRLPPITYTGRFSLEPAPNSGNTLWPEPLFSLVSGLVSMTNPPTSSSSAPSPAASSSSSASQSPPLSCAVPSNDSSPIYSAAPTFPTPNTDIFPEPQSQAFPGSAGTALQYPPPAYPATKGGFQVPMIPDYLFPQQQGDLSLGTPDQKPFQGLENRTQQPSLTPLSTIKAFATQSGSQDLKALNTTYQSQLIKPSRMRKYPNRPSKTPPHERPYACPVESCDRRFSAPSKLDRHIRIHTGQKPFQCRICMRNFSLGENLRRHIRTHTGEKPFACDICGRKFADGGNLGRHTKIHLRQKDKKADKSVVASPAASSLSSYPSPVATSYPSPATTSFPSPVPTSYSSPGSSTYPSPAHSGFPSPSVATTFASVPPAFPTQVSSFPSAGVSSSFSTSTGLSDMTATFSPRTIEIC,,"APSKLDR, LGENLRR, DGGNLGR","TGQKPFQ, TGEKPFA",3,mouse Zif268 scaffold (https://www.ncbi.nlm.nih.gov/protein/NP_031939.1?feature=any). generated by OPEN
,EGFP,Maeder 2008 (doi:10.1016/j.molcel.2008.06.016) Joung,GGCGACGAC,MAAAKAEMQLMSPLQISDPFGSFPHSPTMDNYPKLEEMMLLSNGAPQFLGAAGTPEGSGGNSSSSTSSGGGGGGGSNSGSSAFNPQGEPSEQPYEHLTTESFSDIALNNEKAMVETSYPSQTTRLPPITYTGRFSLEPAPNSGNTLWPEPLFSLVSGLVSMTNPPTSSSSAPSPAASSSSSASQSPPLSCAVPSNDSSPIYSAAPTFPTPNTDIFPEPQSQAFPGSAGTALQYPPPAYPATKGGFQVPMIPDYLFPQQQGDLSLGTPDQKPFQGLENRTQQPSLTPLSTIKAFATQSGSQDLKALNTTYQSQLIKPSRMRKYPNRPSKTPPHERPYACPVESCDRRFSAPSKLDRHIRIHTGQKPFQCRICMRNFSLGENLARHIRTHTGEKPFACDICGRKFADPSNLRRHTKIHLRQKDKKADKSVVASPAASSLSSYPSPVATSYPSPATTSFPSPVPTSYSSPGSSTYPSPAHSGFPSPSVATTFASVPPAFPTQVSSFPSAGVSSSFSTSTGLSDMTATFSPRTIEIC,,"APSKLDR, LGENLAR, DPSNLRR","TGQKPFQ, TGEKPFA",3,mouse Zif268 scaffold (https://www.ncbi.nlm.nih.gov/protein/NP_031939.1?feature=any). generated by OPEN
,EGFP,Maeder 2008 (doi:10.1016/j.molcel.2008.06.016) Joung,GCCGATGTC,MAAAKAEMQLMSPLQISDPFGSFPHSPTMDNYPKLEEMMLLSNGAPQFLGAAGTPEGSGGNSSSSTSSGGGGGGGSNSGSSAFNPQGEPSEQPYEHLTTESFSDIALNNEKAMVETSYPSQTTRLPPITYTGRFSLEPAPNSGNTLWPEPLFSLVSGLVSMTNPPTSSSSAPSPAASSSSSASQSPPLSCAVPSNDSSPIYSAAPTFPTPNTDIFPEPQSQAFPGSAGTALQYPPPAYPATKGGFQVPMIPDYLFPQQQGDLSLGTPDQKPFQGLENRTQQPSLTPLSTIKAFATQSGSQDLKALNTTYQSQLIKPSRMRKYPNRPSKTPPHERPYACPVESCDRRFSHQRDLMRHIRIHTGQKPFQCRICMRNFSVRHNLTRHIRTHTGEKPFACDICGRKFADPTSLNRHTKIHLRQKDKKADKSVVASPAASSLSSYPSPVATSYPSPATTSFPSPVPTSYSSPGSSTYPSPAHSGFPSPSVATTFASVPPAFPTQVSSFPSAGVSSSFSTSTGLSDMTATFSPRTIEIC,,"HQRDLMR, VRHNLTR, DPTSLNR","TGQKPFQ, TGEKPFA",3,mouse Zif268 scaffold (https://www.ncbi.nlm.nih.gov/protein/NP_031939.1?feature=any). generated by OPEN
,EGFP,Maeder 2008 (doi:10.1016/j.molcel.2008.06.016) Joung,GCCGATGTC,MAAAKAEMQLMSPLQISDPFGSFPHSPTMDNYPKLEEMMLLSNGAPQFLGAAGTPEGSGGNSSSSTSSGGGGGGGSNSGSSAFNPQGEPSEQPYEHLTTESFSDIALNNEKAMVETSYPSQTTRLPPITYTGRFSLEPAPNSGNTLWPEPLFSLVSGLVSMTNPPTSSSSAPSPAASSSSSASQSPPLSCAVPSNDSSPIYSAAPTFPTPNTDIFPEPQSQAFPGSAGTALQYPPPAYPATKGGFQVPMIPDYLFPQQQGDLSLGTPDQKPFQGLENRTQQPSLTPLSTIKAFATQSGSQDLKALNTTYQSQLIKPSRMRKYPNRPSKTPPHERPYACPVESCDRRFSDSPTLRRHIRIHTGQKPFQCRICMRNFSVRHNLTRHIRTHTGEKPFACDICGRKFADRTSLARHTKIHLRQKDKKADKSVVASPAASSLSSYPSPVATSYPSPATTSFPSPVPTSYSSPGSSTYPSPAHSGFPSPSVATTFASVPPAFPTQVSSFPSAGVSSSFSTSTGLSDMTATFSPRTIEIC,,"DSPTLRR, VRHNLTR, DRTSLAR","TGQKPFQ, TGEKPFA",3,mouse Zif268 scaffold (https://www.ncbi.nlm.nih.gov/protein/NP_031939.1?feature=any). generated by OPEN
,EGFP,Maeder 2008 (doi:10.1016/j.molcel.2008.06.016) Joung,GGCGACGAG,MAAAKAEMQLMSPLQISDPFGSFPHSPTMDNYPKLEEMMLLSNGAPQFLGAAGTPEGSGGNSSSSTSSGGGGGGGSNSGSSAFNPQGEPSEQPYEHLTTESFSDIALNNEKAMVETSYPSQTTRLPPITYTGRFSLEPAPNSGNTLWPEPLFSLVSGLVSMTNPPTSSSSAPSPAASSSSSASQSPPLSCAVPSNDSSPIYSAAPTFPTPNTDIFPEPQSQAFPGSAGTALQYPPPAYPATKGGFQVPMIPDYLFPQQQGDLSLGTPDQKPFQGLENRTQQPSLTPLSTIKAFATQSGSQDLKALNTTYQSQLIKPSRMRKYPNRPSKTPPHERPYACPVESCDRRFSAPSKLDRHIRIHTGQKPFQCRICMRNFSLVENLRRHIRTHTGEKPFACDICGRKFARVENLHRHTKIHLRQKDKKADKSVVASPAASSLSSYPSPVATSYPSPATTSFPSPVPTSYSSPGSSTYPSPAHSGFPSPSVATTFASVPPAFPTQVSSFPSAGVSSSFSTSTGLSDMTATFSPRTIEIC,,"APSKLDR, LVENLRR, RVENLHR","TGQKPFQ, TGEKPFA",3,mouse Zif268 scaffold (https://www.ncbi.nlm.nih.gov/protein/NP_031939.1?feature=any). generated by OPEN
,EGFP,Maeder 2008 (doi:10.1016/j.molcel.2008.06.016) Joung,GGCGACGAG,MAAAKAEMQLMSPLQISDPFGSFPHSPTMDNYPKLEEMMLLSNGAPQFLGAAGTPEGSGGNSSSSTSSGGGGGGGSNSGSSAFNPQGEPSEQPYEHLTTESFSDIALNNEKAMVETSYPSQTTRLPPITYTGRFSLEPAPNSGNTLWPEPLFSLVSGLVSMTNPPTSSSSAPSPAASSSSSASQSPPLSCAVPSNDSSPIYSAAPTFPTPNTDIFPEPQSQAFPGSAGTALQYPPPAYPATKGGFQVPMIPDYLFPQQQGDLSLGTPDQKPFQGLENRTQQPSLTPLSTIKAFATQSGSQDLKALNTTYQSQLIKPSRMRKYPNRPSKTPPHERPYACPVESCDRRFSAPSKLDRHIRIHTGQKPFQCRICMRNFSDGSNLRRHIRTHTGEKPFACDICGRKFAREDNLGRHTKIHLRQKDKKADKSVVASPAASSLSSYPSPVATSYPSPATTSFPSPVPTSYSSPGSSTYPSPAHSGFPSPSVATTFASVPPAFPTQVSSFPSAGVSSSFSTSTGLSDMTATFSPRTIEIC,,"APSKLDR, DGSNLRR, REDNLGR","TGQKPFQ, TGEKPFA",3,mouse Zif268 scaffold (https://www.ncbi.nlm.nih.gov/protein/NP_031939.1?feature=any). generated by OPEN
,EGFP,Maeder 2008 (doi:10.1016/j.molcel.2008.06.016) Joung,GATGCGGTG,MAAAKAEMQLMSPLQISDPFGSFPHSPTMDNYPKLEEMMLLSNGAPQFLGAAGTPEGSGGNSSSSTSSGGGGGGGSNSGSSAFNPQGEPSEQPYEHLTTESFSDIALNNEKAMVETSYPSQTTRLPPITYTGRFSLEPAPNSGNTLWPEPLFSLVSGLVSMTNPPTSSSSAPSPAASSSSSASQSPPLSCAVPSNDSSPIYSAAPTFPTPNTDIFPEPQSQAFPGSAGTALQYPPPAYPATKGGFQVPMIPDYLFPQQQGDLSLGTPDQKPFQGLENRTQQPSLTPLSTIKAFATQSGSQDLKALNTTYQSQLIKPSRMRKYPNRPSKTPPHERPYACPVESCDRRFSTRQNLDTHIRIHTGQKPFQCRICMRNFSRRDTLERHIRTHTGEKPFACDICGRKFARPDALPRHTKIHLRQKDKKADKSVVASPAASSLSSYPSPVATSYPSPATTSFPSPVPTSYSSPGSSTYPSPAHSGFPSPSVATTFASVPPAFPTQVSSFPSAGVSSSFSTSTGLSDMTATFSPRTIEIC,,"TRQNLDT, RRDTLER, RPDALPR","TGQKPFQ, TGEKPFA",3,mouse Zif268 scaffold (https://www.ncbi.nlm.nih.gov/protein/NP_031939.1?feature=any). generated by OPEN
,EGFP,Maeder 2008 (doi:10.1016/j.molcel.2008.06.016) Joung,GATGCGGTG,MAAAKAEMQLMSPLQISDPFGSFPHSPTMDNYPKLEEMMLLSNGAPQFLGAAGTPEGSGGNSSSSTSSGGGGGGGSNSGSSAFNPQGEPSEQPYEHLTTESFSDIALNNEKAMVETSYPSQTTRLPPITYTGRFSLEPAPNSGNTLWPEPLFSLVSGLVSMTNPPTSSSSAPSPAASSSSSASQSPPLSCAVPSNDSSPIYSAAPTFPTPNTDIFPEPQSQAFPGSAGTALQYPPPAYPATKGGFQVPMIPDYLFPQQQGDLSLGTPDQKPFQGLENRTQQPSLTPLSTIKAFATQSGSQDLKALNTTYQSQLIKPSRMRKYPNRPSKTPPHERPYACPVESCDRRFSTKQRLVVHIRIHTGQKPFQCRICMRNFSRTDTLARHIRTHTGEKPFACDICGRKFARPDALPRHTKIHLRQKDKKADKSVVASPAASSLSSYPSPVATSYPSPATTSFPSPVPTSYSSPGSSTYPSPAHSGFPSPSVATTFASVPPAFPTQVSSFPSAGVSSSFSTSTGLSDMTATFSPRTIEIC,,"TKQRLVV, RTDTLAR, RPDALPR","TGQKPFQ, TGEKPFA",3,mouse Zif268 scaffold (https://www.ncbi.nlm.nih.gov/protein/NP_031939.1?feature=any). generated by OPEN
,EGFP,Maeder 2008 (doi:10.1016/j.molcel.2008.06.016) Joung,GGCGACGAG,MAAAKAEMQLMSPLQISDPFGSFPHSPTMDNYPKLEEMMLLSNGAPQFLGAAGTPEGSGGNSSSSTSSGGGGGGGSNSGSSAFNPQGEPSEQPYEHLTTESFSDIALNNEKAMVETSYPSQTTRLPPITYTGRFSLEPAPNSGNTLWPEPLFSLVSGLVSMTNPPTSSSSAPSPAASSSSSASQSPPLSCAVPSNDSSPIYSAAPTFPTPNTDIFPEPQSQAFPGSAGTALQYPPPAYPATKGGFQVPMIPDYLFPQQQGDLSLGTPDQKPFQGLENRTQQPSLTPLSTIKAFATQSGSQDLKALNTTYQSQLIKPSRMRKYPNRPSKTPPHERPYACPVESCDRRFSSPSKLIRHIRIHTGQKPFQCRICMRNFSDGSNLARHIRTHTGEKPFACDICGRKFARVDNLPRHTKIHLRQKDKKADKSVVASPAASSLSSYPSPVATSYPSPATTSFPSPVPTSYSSPGSSTYPSPAHSGFPSPSVATTFASVPPAFPTQVSSFPSAGVSSSFSTSTGLSDMTATFSPRTIEIC,,"SPSKLIR, DGSNLAR, RVDNLPR","TGQKPFQ, TGEKPFA",3,mouse Zif268 scaffold (https://www.ncbi.nlm.nih.gov/protein/NP_031939.1?feature=any). generated by OPEN
,EGFP,Maeder 2008 (doi:10.1016/j.molcel.2008.06.016) Joung,GGCGACGAG,MAAAKAEMQLMSPLQISDPFGSFPHSPTMDNYPKLEEMMLLSNGAPQFLGAAGTPEGSGGNSSSSTSSGGGGGGGSNSGSSAFNPQGEPSEQPYEHLTTESFSDIALNNEKAMVETSYPSQTTRLPPITYTGRFSLEPAPNSGNTLWPEPLFSLVSGLVSMTNPPTSSSSAPSPAASSSSSASQSPPLSCAVPSNDSSPIYSAAPTFPTPNTDIFPEPQSQAFPGSAGTALQYPPPAYPATKGGFQVPMIPDYLFPQQQGDLSLGTPDQKPFQGLENRTQQPSLTPLSTIKAFATQSGSQDLKALNTTYQSQLIKPSRMRKYPNRPSKTPPHERPYACPVESCDRRFSAPSKLDRHIRIHTGQKPFQCRICMRNFSDESNLRRHIRTHTGEKPFACDICGRKFARVDNLPRHTKIHLRQKDKKADKSVVASPAASSLSSYPSPVATSYPSPATTSFPSPVPTSYSSPGSSTYPSPAHSGFPSPSVATTFASVPPAFPTQVSSFPSAGVSSSFSTSTGLSDMTATFSPRTIEIC,,"APSKLDR, DESNLRR, RVDNLPR","TGQKPFQ, TGEKPFA",3,mouse Zif268 scaffold (https://www.ncbi.nlm.nih.gov/protein/NP_031939.1?feature=any). generated by OPEN
,EGFP,Maeder 2008 (doi:10.1016/j.molcel.2008.06.016) Joung,GCCGTCGCC,MAAAKAEMQLMSPLQISDPFGSFPHSPTMDNYPKLEEMMLLSNGAPQFLGAAGTPEGSGGNSSSSTSSGGGGGGGSNSGSSAFNPQGEPSEQPYEHLTTESFSDIALNNEKAMVETSYPSQTTRLPPITYTGRFSLEPAPNSGNTLWPEPLFSLVSGLVSMTNPPTSSSSAPSPAASSSSSASQSPPLSCAVPSNDSSPIYSAAPTFPTPNTDIFPEPQSQAFPGSAGTALQYPPPAYPATKGGFQVPMIPDYLFPQQQGDLSLGTPDQKPFQGLENRTQQPSLTPLSTIKAFATQSGSQDLKALNTTYQSQLIKPSRMRKYPNRPSKTPPHERPYACPVESCDRRFSDSPTLRRHIRIHTGQKPFQCRICMRNFSDREVLRRHIRTHTGEKPFACDICGRKFAERRALKRHTKIHLRQKDKKADKSVVASPAASSLSSYPSPVATSYPSPATTSFPSPVPTSYSSPGSSTYPSPAHSGFPSPSVATTFASVPPAFPTQVSSFPSAGVSSSFSTSTGLSDMTATFSPRTIEIC,,"DSPTLRR, DREVLRR, ERRALKR","TGQKPFQ, TGEKPFA",3,mouse Zif268 scaffold (https://www.ncbi.nlm.nih.gov/protein/NP_031939.1?feature=any). generated by OPEN
,EGFP,Maeder 2008 (doi:10.1016/j.molcel.2008.06.016) Joung,GCCGTCGCC,MAAAKAEMQLMSPLQISDPFGSFPHSPTMDNYPKLEEMMLLSNGAPQFLGAAGTPEGSGGNSSSSTSSGGGGGGGSNSGSSAFNPQGEPSEQPYEHLTTESFSDIALNNEKAMVETSYPSQTTRLPPITYTGRFSLEPAPNSGNTLWPEPLFSLVSGLVSMTNPPTSSSSAPSPAASSSSSASQSPPLSCAVPSNDSSPIYSAAPTFPTPNTDIFPEPQSQAFPGSAGTALQYPPPAYPATKGGFQVPMIPDYLFPQQQGDLSLGTPDQKPFQGLENRTQQPSLTPLSTIKAFATQSGSQDLKALNTTYQSQLIKPSRMRKYPNRPSKTPPHERPYACPVESCDRRFSDSPTLRRHIRIHTGQKPFQCRICMRNFSRTDGLRRHIRTHTGEKPFACDICGRKFADHSNLSRHTKIHLRQKDKKADKSVVASPAASSLSSYPSPVATSYPSPATTSFPSPVPTSYSSPGSSTYPSPAHSGFPSPSVATTFASVPPAFPTQVSSFPSAGVSSSFSTSTGLSDMTATFSPRTIEIC,,"DSPTLRR, RTDGLRR, DHSNLSR","TGQKPFQ, TGEKPFA",3,mouse Zif268 scaffold (https://www.ncbi.nlm.nih.gov/protein/NP_031939.1?feature=any). generated by OPEN
,EGFP,Maeder 2008 (doi:10.1016/j.molcel.2008.06.016) Joung,GCCGCTGCT,MAAAKAEMQLMSPLQISDPFGSFPHSPTMDNYPKLEEMMLLSNGAPQFLGAAGTPEGSGGNSSSSTSSGGGGGGGSNSGSSAFNPQGEPSEQPYEHLTTESFSDIALNNEKAMVETSYPSQTTRLPPITYTGRFSLEPAPNSGNTLWPEPLFSLVSGLVSMTNPPTSSSSAPSPAASSSSSASQSPPLSCAVPSNDSSPIYSAAPTFPTPNTDIFPEPQSQAFPGSAGTALQYPPPAYPATKGGFQVPMIPDYLFPQQQGDLSLGTPDQKPFQGLENRTQQPSLTPLSTIKAFATQSGSQDLKALNTTYQSQLIKPSRMRKYPNRPSKTPPHERPYACPVESCDRRFSTARALVRHIRIHTGQKPFQCRICMRNFSLSQTLKRHIRTHTGEKPFACDICGRKFALKHDLGRHTKIHLRQKDKKADKSVVASPAASSLSSYPSPVATSYPSPATTSFPSPVPTSYSSPGSSTYPSPAHSGFPSPSVATTFASVPPAFPTQVSSFPSAGVSSSFSTSTGLSDMTATFSPRTIEIC,,"TARALVR, LSQTLKR, LKHDLGR","TGQKPFQ, TGEKPFA",3,mouse Zif268 scaffold (https://www.ncbi.nlm.nih.gov/protein/NP_031939.1?feature=any). generated by OPEN
,EGFP,Maeder 2008 (doi:10.1016/j.molcel.2008.06.016) Joung,GCCGCTGCT,MAAAKAEMQLMSPLQISDPFGSFPHSPTMDNYPKLEEMMLLSNGAPQFLGAAGTPEGSGGNSSSSTSSGGGGGGGSNSGSSAFNPQGEPSEQPYEHLTTESFSDIALNNEKAMVETSYPSQTTRLPPITYTGRFSLEPAPNSGNTLWPEPLFSLVSGLVSMTNPPTSSSSAPSPAASSSSSASQSPPLSCAVPSNDSSPIYSAAPTFPTPNTDIFPEPQSQAFPGSAGTALQYPPPAYPATKGGFQVPMIPDYLFPQQQGDLSLGTPDQKPFQGLENRTQQPSLTPLSTIKAFATQSGSQDLKALNTTYQSQLIKPSRMRKYPNRPSKTPPHERPYACPVESCDRRFSDPSTLRRHIRIHTGQKPFQCRICMRNFSLRDSLKRHIRTHTGEKPFACDICGRKFALGHTLNRHTKIHLRQKDKKADKSVVASPAASSLSSYPSPVATSYPSPATTSFPSPVPTSYSSPGSSTYPSPAHSGFPSPSVATTFASVPPAFPTQVSSFPSAGVSSSFSTSTGLSDMTATFSPRTIEIC,,"DPSTLRR, LRDSLKR, LGHTLNR","TGQKPFQ, TGEKPFA",3,mouse Zif268 scaffold (https://www.ncbi.nlm.nih.gov/protein/NP_031939.1?feature=any). generated by OPEN
,CFTR,Maeder 2008 (doi:10.1016/j.molcel.2008.06.016) Joung,GTGGAATTA,MAAAKAEMQLMSPLQISDPFGSFPHSPTMDNYPKLEEMMLLSNGAPQFLGAAGTPEGSGGNSSSSTSSGGGGGGGSNSGSSAFNPQGEPSEQPYEHLTTESFSDIALNNEKAMVETSYPSQTTRLPPITYTGRFSLEPAPNSGNTLWPEPLFSLVSGLVSMTNPPTSSSSAPSPAASSSSSASQSPPLSCAVPSNDSSPIYSAAPTFPTPNTDIFPEPQSQAFPGSAGTALQYPPPAYPATKGGFQVPMIPDYLFPQQQGDLSLGTPDQKPFQGLENRTQQPSLTPLSTIKAFATQSGSQDLKALNTTYQSQLIKPSRMRKYPNRPSKTPPHERPYACPVESCDRRFSRNFILQRHIRIHTGQKPFQCRICMRNFSQGGNLVRHIRTHTGEKPFACDICGRKFAQQTGLNVHTKIHLRQKDKKADKSVVASPAASSLSSYPSPVATSYPSPATTSFPSPVPTSYSSPGSSTYPSPAHSGFPSPSVATTFASVPPAFPTQVSSFPSAGVSSSFSTSTGLSDMTATFSPRTIEIC,,"RNFILQR, QGGNLVR, QQTGLNV","TGQKPFQ, TGEKPFA",3,mouse Zif268 scaffold (https://www.ncbi.nlm.nih.gov/protein/NP_031939.1?feature=any). generated by OPEN
,CFTR,Maeder 2008 (doi:10.1016/j.molcel.2008.06.016) Joung,GAGTGGTTA,MAAAKAEMQLMSPLQISDPFGSFPHSPTMDNYPKLEEMMLLSNGAPQFLGAAGTPEGSGGNSSSSTSSGGGGGGGSNSGSSAFNPQGEPSEQPYEHLTTESFSDIALNNEKAMVETSYPSQTTRLPPITYTGRFSLEPAPNSGNTLWPEPLFSLVSGLVSMTNPPTSSSSAPSPAASSSSSASQSPPLSCAVPSNDSSPIYSAAPTFPTPNTDIFPEPQSQAFPGSAGTALQYPPPAYPATKGGFQVPMIPDYLFPQQQGDLSLGTPDQKPFQGLENRTQQPSLTPLSTIKAFATQSGSQDLKALNTTYQSQLIKPSRMRKYPNRPSKTPPHERPYACPVESCDRRFSRQSNLSRHIRIHTGQKPFQCRICMRNFSRNEHLVLHIRTHTGEKPFACDICGRKFAQKTGLRVHTKIHLRQKDKKADKSVVASPAASSLSSYPSPVATSYPSPATTSFPSPVPTSYSSPGSSTYPSPAHSGFPSPSVATTFASVPPAFPTQVSSFPSAGVSSSFSTSTGLSDMTATFSPRTIEIC,,"RQSNLSR, RNEHLVL, QKTGLRV","TGQKPFQ, TGEKPFA",3,mouse Zif268 scaffold (https://www.ncbi.nlm.nih.gov/protein/NP_031939.1?feature=any). generated by OPEN
,VEGF-A,Maeder 2008 (doi:10.1016/j.molcel.2008.06.016) Joung,GCTGACGAA,MAAAKAEMQLMSPLQISDPFGSFPHSPTMDNYPKLEEMMLLSNGAPQFLGAAGTPEGSGGNSSSSTSSGGGGGGGSNSGSSAFNPQGEPSEQPYEHLTTESFSDIALNNEKAMVETSYPSQTTRLPPITYTGRFSLEPAPNSGNTLWPEPLFSLVSGLVSMTNPPTSSSSAPSPAASSSSSASQSPPLSCAVPSNDSSPIYSAAPTFPTPNTDIFPEPQSQAFPGSAGTALQYPPPAYPATKGGFQVPMIPDYLFPQQQGDLSLGTPDQKPFQGLENRTQQPSLTPLSTIKAFATQSGSQDLKALNTTYQSQLIKPSRMRKYPNRPSKTPPHERPYACPVESCDRRFSGRQALDRHIRIHTGQKPFQCRICMRNFSDKANLTRHIRTHTGEKPFACDICGRKFAQRNNLGRHTKIHLRQKDKKADKSVVASPAASSLSSYPSPVATSYPSPATTSFPSPVPTSYSSPGSSTYPSPAHSGFPSPSVATTFASVPPAFPTQVSSFPSAGVSSSFSTSTGLSDMTATFSPRTIEIC,,"GRQALDR, DKANLTR, QRNNLGR","TGQKPFQ, TGEKPFA",3,mouse Zif268 scaffold (https://www.ncbi.nlm.nih.gov/protein/NP_031939.1?feature=any). generated by OPEN
,VEGF-A,Maeder 2008 (doi:10.1016/j.molcel.2008.06.016) Joung,GCTGACGAA,MAAAKAEMQLMSPLQISDPFGSFPHSPTMDNYPKLEEMMLLSNGAPQFLGAAGTPEGSGGNSSSSTSSGGGGGGGSNSGSSAFNPQGEPSEQPYEHLTTESFSDIALNNEKAMVETSYPSQTTRLPPITYTGRFSLEPAPNSGNTLWPEPLFSLVSGLVSMTNPPTSSSSAPSPAASSSSSASQSPPLSCAVPSNDSSPIYSAAPTFPTPNTDIFPEPQSQAFPGSAGTALQYPPPAYPATKGGFQVPMIPDYLFPQQQGDLSLGTPDQKPFQGLENRTQQPSLTPLSTIKAFATQSGSQDLKALNTTYQSQLIKPSRMRKYPNRPSKTPPHERPYACPVESCDRRFSTKQGLQRHIRIHTGQKPFQCRICMRNFSLRENLARHIRTHTGEKPFACDICGRKFAQHPNLTRHTKIHLRQKDKKADKSVVASPAASSLSSYPSPVATSYPSPATTSFPSPVPTSYSSPGSSTYPSPAHSGFPSPSVATTFASVPPAFPTQVSSFPSAGVSSSFSTSTGLSDMTATFSPRTIEIC,,"TKQGLQR, LRENLAR, QHPNLTR","TGQKPFQ, TGEKPFA",3,mouse Zif268 scaffold (https://www.ncbi.nlm.nih.gov/protein/NP_031939.1?feature=any). generated by OPEN
,VEGF-A,Maeder 2008 (doi:10.1016/j.molcel.2008.06.016) Joung,GTGGACGAG,MAAAKAEMQLMSPLQISDPFGSFPHSPTMDNYPKLEEMMLLSNGAPQFLGAAGTPEGSGGNSSSSTSSGGGGGGGSNSGSSAFNPQGEPSEQPYEHLTTESFSDIALNNEKAMVETSYPSQTTRLPPITYTGRFSLEPAPNSGNTLWPEPLFSLVSGLVSMTNPPTSSSSAPSPAASSSSSASQSPPLSCAVPSNDSSPIYSAAPTFPTPNTDIFPEPQSQAFPGSAGTALQYPPPAYPATKGGFQVPMIPDYLFPQQQGDLSLGTPDQKPFQGLENRTQQPSLTPLSTIKAFATQSGSQDLKALNTTYQSQLIKPSRMRKYPNRPSKTPPHERPYACPVESCDRRFSRKTILTTHIRIHTGQKPFQCRICMRNFSDRANLLRHIRTHTGEKPFACDICGRKFARADNLGRHTKIHLRQKDKKADKSVVASPAASSLSSYPSPVATSYPSPATTSFPSPVPTSYSSPGSSTYPSPAHSGFPSPSVATTFASVPPAFPTQVSSFPSAGVSSSFSTSTGLSDMTATFSPRTIEIC,,"RKTILTT, DRANLLR, RADNLGR","TGQKPFQ, TGEKPFA",3,mouse Zif268 scaffold (https://www.ncbi.nlm.nih.gov/protein/NP_031939.1?feature=any). generated by OPEN
,VEGF-A,Maeder 2008 (doi:10.1016/j.molcel.2008.06.016) Joung,GTGGACGAG,MAAAKAEMQLMSPLQISDPFGSFPHSPTMDNYPKLEEMMLLSNGAPQFLGAAGTPEGSGGNSSSSTSSGGGGGGGSNSGSSAFNPQGEPSEQPYEHLTTESFSDIALNNEKAMVETSYPSQTTRLPPITYTGRFSLEPAPNSGNTLWPEPLFSLVSGLVSMTNPPTSSSSAPSPAASSSSSASQSPPLSCAVPSNDSSPIYSAAPTFPTPNTDIFPEPQSQAFPGSAGTALQYPPPAYPATKGGFQVPMIPDYLFPQQQGDLSLGTPDQKPFQGLENRTQQPSLTPLSTIKAFATQSGSQDLKALNTTYQSQLIKPSRMRKYPNRPSKTPPHERPYACPVESCDRRFSRNFILQRHIRIHTGQKPFQCRICMRNFSDRANLRRHIRTHTGEKPFACDICGRKFARHDQLTRHTKIHLRQKDKKADKSVVASPAASSLSSYPSPVATSYPSPATTSFPSPVPTSYSSPGSSTYPSPAHSGFPSPSVATTFASVPPAFPTQVSSFPSAGVSSSFSTSTGLSDMTATFSPRTIEIC,,"RNFILQR, DRANLRR, RHDQLTR","TGQKPFQ, TGEKPFA",3,mouse Zif268 scaffold (https://www.ncbi.nlm.nih.gov/protein/NP_031939.1?feature=any). generated by OPEN
,VEGF-A,Maeder 2008 (doi:10.1016/j.molcel.2008.06.016) Joung,GGTGGTGGA,MAAAKAEMQLMSPLQISDPFGSFPHSPTMDNYPKLEEMMLLSNGAPQFLGAAGTPEGSGGNSSSSTSSGGGGGGGSNSGSSAFNPQGEPSEQPYEHLTTESFSDIALNNEKAMVETSYPSQTTRLPPITYTGRFSLEPAPNSGNTLWPEPLFSLVSGLVSMTNPPTSSSSAPSPAASSSSSASQSPPLSCAVPSNDSSPIYSAAPTFPTPNTDIFPEPQSQAFPGSAGTALQYPPPAYPATKGGFQVPMIPDYLFPQQQGDLSLGTPDQKPFQGLENRTQQPSLTPLSTIKAFATQSGSQDLKALNTTYQSQLIKPSRMRKYPNRPSKTPPHERPYACPVESCDRRFSMKHHLARHIRIHTGQKPFQCRICMRNFSEAHHLSRHIRTHTGEKPFACDICGRKFAQNSHLRRHTKIHLRQKDKKADKSVVASPAASSLSSYPSPVATSYPSPATTSFPSPVPTSYSSPGSSTYPSPAHSGFPSPSVATTFASVPPAFPTQVSSFPSAGVSSSFSTSTGLSDMTATFSPRTIEIC,,"MKHHLAR, EAHHLSR, QNSHLRR","TGQKPFQ, TGEKPFA",3,mouse Zif268 scaffold (https://www.ncbi.nlm.nih.gov/protein/NP_031939.1?feature=any). generated by OPEN
,VEGF-A,Maeder 2008 (doi:10.1016/j.molcel.2008.06.016) Joung,GGTGGTGGA,MAAAKAEMQLMSPLQISDPFGSFPHSPTMDNYPKLEEMMLLSNGAPQFLGAAGTPEGSGGNSSSSTSSGGGGGGGSNSGSSAFNPQGEPSEQPYEHLTTESFSDIALNNEKAMVETSYPSQTTRLPPITYTGRFSLEPAPNSGNTLWPEPLFSLVSGLVSMTNPPTSSSSAPSPAASSSSSASQSPPLSCAVPSNDSSPIYSAAPTFPTPNTDIFPEPQSQAFPGSAGTALQYPPPAYPATKGGFQVPMIPDYLFPQQQGDLSLGTPDQKPFQGLENRTQQPSLTPLSTIKAFATQSGSQDLKALNTTYQSQLIKPSRMRKYPNRPSKTPPHERPYACPVESCDRRFSLRHHLEAHIRIHTGQKPFQCRICMRNFSMSHHLIRHIRTHTGEKPFACDICGRKFAQNSHLRRHTKIHLRQKDKKADKSVVASPAASSLSSYPSPVATSYPSPATTSFPSPVPTSYSSPGSSTYPSPAHSGFPSPSVATTFASVPPAFPTQVSSFPSAGVSSSFSTSTGLSDMTATFSPRTIEIC,,"LRHHLEA, MSHHLIR, QNSHLRR","TGQKPFQ, TGEKPFA",3,mouse Zif268 scaffold (https://www.ncbi.nlm.nih.gov/protein/NP_031939.1?feature=any). generated by OPEN
,VEGF-A,Maeder 2008 (doi:10.1016/j.molcel.2008.06.016) Joung,GGCGGCGCC,MAAAKAEMQLMSPLQISDPFGSFPHSPTMDNYPKLEEMMLLSNGAPQFLGAAGTPEGSGGNSSSSTSSGGGGGGGSNSGSSAFNPQGEPSEQPYEHLTTESFSDIALNNEKAMVETSYPSQTTRLPPITYTGRFSLEPAPNSGNTLWPEPLFSLVSGLVSMTNPPTSSSSAPSPAASSSSSASQSPPLSCAVPSNDSSPIYSAAPTFPTPNTDIFPEPQSQAFPGSAGTALQYPPPAYPATKGGFQVPMIPDYLFPQQQGDLSLGTPDQKPFQGLENRTQQPSLTPLSTIKAFATQSGSQDLKALNTTYQSQLIKPSRMRKYPNRPSKTPPHERPYACPVESCDRRFSAPSKLDRHIRIHTGQKPFQCRICMRNFSEASKLKRHIRTHTGEKPFACDICGRKFADPSNLRRHTKIHLRQKDKKADKSVVASPAASSLSSYPSPVATSYPSPATTSFPSPVPTSYSSPGSSTYPSPAHSGFPSPSVATTFASVPPAFPTQVSSFPSAGVSSSFSTSTGLSDMTATFSPRTIEIC,,"APSKLDR, EASKLKR, DPSNLRR","TGQKPFQ, TGEKPFA",3,mouse Zif268 scaffold (https://www.ncbi.nlm.nih.gov/protein/NP_031939.1?feature=any). generated by OPEN
,VEGF-A,Maeder 2008 (doi:10.1016/j.molcel.2008.06.016) Joung,GGCGGCGCC,MAAAKAEMQLMSPLQISDPFGSFPHSPTMDNYPKLEEMMLLSNGAPQFLGAAGTPEGSGGNSSSSTSSGGGGGGGSNSGSSAFNPQGEPSEQPYEHLTTESFSDIALNNEKAMVETSYPSQTTRLPPITYTGRFSLEPAPNSGNTLWPEPLFSLVSGLVSMTNPPTSSSSAPSPAASSSSSASQSPPLSCAVPSNDSSPIYSAAPTFPTPNTDIFPEPQSQAFPGSAGTALQYPPPAYPATKGGFQVPMIPDYLFPQQQGDLSLGTPDQKPFQGLENRTQQPSLTPLSTIKAFATQSGSQDLKALNTTYQSQLIKPSRMRKYPNRPSKTPPHERPYACPVESCDRRFSAPSKLKRHIRIHTGQKPFQCRICMRNFSEQSKLVRHIRTHTGEKPFACDICGRKFADPSNLRRHTKIHLRQKDKKADKSVVASPAASSLSSYPSPVATSYPSPATTSFPSPVPTSYSSPGSSTYPSPAHSGFPSPSVATTFASVPPAFPTQVSSFPSAGVSSSFSTSTGLSDMTATFSPRTIEIC,,"APSKLKR, EQSKLVR, DPSNLRR","TGQKPFQ, TGEKPFA",3,mouse Zif268 scaffold (https://www.ncbi.nlm.nih.gov/protein/NP_031939.1?feature=any). generated by OPEN
,VEGF-A,Maeder 2008 (doi:10.1016/j.molcel.2008.06.016) Joung,GCTGCTGAC,MAAAKAEMQLMSPLQISDPFGSFPHSPTMDNYPKLEEMMLLSNGAPQFLGAAGTPEGSGGNSSSSTSSGGGGGGGSNSGSSAFNPQGEPSEQPYEHLTTESFSDIALNNEKAMVETSYPSQTTRLPPITYTGRFSLEPAPNSGNTLWPEPLFSLVSGLVSMTNPPTSSSSAPSPAASSSSSASQSPPLSCAVPSNDSSPIYSAAPTFPTPNTDIFPEPQSQAFPGSAGTALQYPPPAYPATKGGFQVPMIPDYLFPQQQGDLSLGTPDQKPFQGLENRTQQPSLTPLSTIKAFATQSGSQDLKALNTTYQSQLIKPSRMRKYPNRPSKTPPHERPYACPVESCDRRFSLRQTLARHIRIHTGQKPFQCRICMRNFSVAHSLKRHIRTHTGEKPFACDICGRKFADPSNLRRHTKIHLRQKDKKADKSVVASPAASSLSSYPSPVATSYPSPATTSFPSPVPTSYSSPGSSTYPSPAHSGFPSPSVATTFASVPPAFPTQVSSFPSAGVSSSFSTSTGLSDMTATFSPRTIEIC,,"LRQTLAR, VAHSLKR, DPSNLRR","TGQKPFQ, TGEKPFA",3,mouse Zif268 scaffold (https://www.ncbi.nlm.nih.gov/protein/NP_031939.1?feature=any). generated by OPEN
,VEGF-A,Maeder 2008 (doi:10.1016/j.molcel.2008.06.016) Joung,GCTGCTGAC,MAAAKAEMQLMSPLQISDPFGSFPHSPTMDNYPKLEEMMLLSNGAPQFLGAAGTPEGSGGNSSSSTSSGGGGGGGSNSGSSAFNPQGEPSEQPYEHLTTESFSDIALNNEKAMVETSYPSQTTRLPPITYTGRFSLEPAPNSGNTLWPEPLFSLVSGLVSMTNPPTSSSSAPSPAASSSSSASQSPPLSCAVPSNDSSPIYSAAPTFPTPNTDIFPEPQSQAFPGSAGTALQYPPPAYPATKGGFQVPMIPDYLFPQQQGDLSLGTPDQKPFQGLENRTQQPSLTPLSTIKAFATQSGSQDLKALNTTYQSQLIKPSRMRKYPNRPSKTPPHERPYACPVESCDRRFSTGQILDRHIRIHTGQKPFQCRICMRNFSVAHSLKRHIRTHTGEKPFACDICGRKFADPSNLRRHTKIHLRQKDKKADKSVVASPAASSLSSYPSPVATSYPSPATTSFPSPVPTSYSSPGSSTYPSPAHSGFPSPSVATTFASVPPAFPTQVSSFPSAGVSSSFSTSTGLSDMTATFSPRTIEIC,,"TGQILDR, VAHSLKR, DPSNLRR","TGQKPFQ, TGEKPFA",3,mouse Zif268 scaffold (https://www.ncbi.nlm.nih.gov/protein/NP_031939.1?feature=any). generated by OPEN
,VEGF-A,Maeder 2008 (doi:10.1016/j.molcel.2008.06.016) Joung,GGATGAGAG,MAAAKAEMQLMSPLQISDPFGSFPHSPTMDNYPKLEEMMLLSNGAPQFLGAAGTPEGSGGNSSSSTSSGGGGGGGSNSGSSAFNPQGEPSEQPYEHLTTESFSDIALNNEKAMVETSYPSQTTRLPPITYTGRFSLEPAPNSGNTLWPEPLFSLVSGLVSMTNPPTSSSSAPSPAASSSSSASQSPPLSCAVPSNDSSPIYSAAPTFPTPNTDIFPEPQSQAFPGSAGTALQYPPPAYPATKGGFQVPMIPDYLFPQQQGDLSLGTPDQKPFQGLENRTQQPSLTPLSTIKAFATQSGSQDLKALNTTYQSQLIKPSRMRKYPNRPSKTPPHERPYACPVESCDRRFSRQDRLDRHIRIHTGQKPFQCRICMRNFSQKEHLAGHIRTHTGEKPFACDICGRKFARRDNLNRHTKIHLRQKDKKADKSVVASPAASSLSSYPSPVATSYPSPATTSFPSPVPTSYSSPGSSTYPSPAHSGFPSPSVATTFASVPPAFPTQVSSFPSAGVSSSFSTSTGLSDMTATFSPRTIEIC,,"RQDRLDR, QKEHLAG, RRDNLNR","TGQKPFQ, TGEKPFA",3,mouse Zif268 scaffold (https://www.ncbi.nlm.nih.gov/protein/NP_031939.1?feature=any). generated by OPEN
,VEGF-A,Maeder 2008 (doi:10.1016/j.molcel.2008.06.016) Joung,GGATGAGAG,MAAAKAEMQLMSPLQISDPFGSFPHSPTMDNYPKLEEMMLLSNGAPQFLGAAGTPEGSGGNSSSSTSSGGGGGGGSNSGSSAFNPQGEPSEQPYEHLTTESFSDIALNNEKAMVETSYPSQTTRLPPITYTGRFSLEPAPNSGNTLWPEPLFSLVSGLVSMTNPPTSSSSAPSPAASSSSSASQSPPLSCAVPSNDSSPIYSAAPTFPTPNTDIFPEPQSQAFPGSAGTALQYPPPAYPATKGGFQVPMIPDYLFPQQQGDLSLGTPDQKPFQGLENRTQQPSLTPLSTIKAFATQSGSQDLKALNTTYQSQLIKPSRMRKYPNRPSKTPPHERPYACPVESCDRRFSTHAHLTRHIRIHTGQKPFQCRICMRNFSQREHLNGHIRTHTGEKPFACDICGRKFARGDNLKRHTKIHLRQKDKKADKSVVASPAASSLSSYPSPVATSYPSPATTSFPSPVPTSYSSPGSSTYPSPAHSGFPSPSVATTFASVPPAFPTQVSSFPSAGVSSSFSTSTGLSDMTATFSPRTIEIC,,"THAHLTR, QREHLNG, RGDNLKR","TGQKPFQ, TGEKPFA",3,mouse Zif268 scaffold (https://www.ncbi.nlm.nih.gov/protein/NP_031939.1?feature=any). generated by OPEN
,VEGF-A,Maeder 2008 (doi:10.1016/j.molcel.2008.06.016) Joung,GAGGAGGGG,MAAAKAEMQLMSPLQISDPFGSFPHSPTMDNYPKLEEMMLLSNGAPQFLGAAGTPEGSGGNSSSSTSSGGGGGGGSNSGSSAFNPQGEPSEQPYEHLTTESFSDIALNNEKAMVETSYPSQTTRLPPITYTGRFSLEPAPNSGNTLWPEPLFSLVSGLVSMTNPPTSSSSAPSPAASSSSSASQSPPLSCAVPSNDSSPIYSAAPTFPTPNTDIFPEPQSQAFPGSAGTALQYPPPAYPATKGGFQVPMIPDYLFPQQQGDLSLGTPDQKPFQGLENRTQQPSLTPLSTIKAFATQSGSQDLKALNTTYQSQLIKPSRMRKYPNRPSKTPPHERPYACPVESCDRRFSRQMNLDRHIRIHTGQKPFQCRICMRNFSRQDNLGRHIRTHTGEKPFACDICGRKFARIDKLGGHTKIHLRQKDKKADKSVVASPAASSLSSYPSPVATSYPSPATTSFPSPVPTSYSSPGSSTYPSPAHSGFPSPSVATTFASVPPAFPTQVSSFPSAGVSSSFSTSTGLSDMTATFSPRTIEIC,,"RQMNLDR, RQDNLGR, RIDKLGG","TGQKPFQ, TGEKPFA",3,mouse Zif268 scaffold (https://www.ncbi.nlm.nih.gov/protein/NP_031939.1?feature=any). generated by OPEN
,VEGF-A,Maeder 2008 (doi:10.1016/j.molcel.2008.06.016) Joung,GAGGAGGGG,MAAAKAEMQLMSPLQISDPFGSFPHSPTMDNYPKLEEMMLLSNGAPQFLGAAGTPEGSGGNSSSSTSSGGGGGGGSNSGSSAFNPQGEPSEQPYEHLTTESFSDIALNNEKAMVETSYPSQTTRLPPITYTGRFSLEPAPNSGNTLWPEPLFSLVSGLVSMTNPPTSSSSAPSPAASSSSSASQSPPLSCAVPSNDSSPIYSAAPTFPTPNTDIFPEPQSQAFPGSAGTALQYPPPAYPATKGGFQVPMIPDYLFPQQQGDLSLGTPDQKPFQGLENRTQQPSLTPLSTIKAFATQSGSQDLKALNTTYQSQLIKPSRMRKYPNRPSKTPPHERPYACPVESCDRRFSKHHNLLRHIRIHTGQKPFQCRICMRNFSRDDNLQRHIRTHTGEKPFACDICGRKFARMEHLPRHTKIHLRQKDKKADKSVVASPAASSLSSYPSPVATSYPSPATTSFPSPVPTSYSSPGSSTYPSPAHSGFPSPSVATTFASVPPAFPTQVSSFPSAGVSSSFSTSTGLSDMTATFSPRTIEIC,,"KHHNLLR, RDDNLQR, RMEHLPR","TGQKPFQ, TGEKPFA",3,mouse Zif268 scaffold (https://www.ncbi.nlm.nih.gov/protein/NP_031939.1?feature=any). generated by OPEN
,VEGF-A,Maeder 2008 (doi:10.1016/j.molcel.2008.06.016) Joung,GACGCGGCG,MAAAKAEMQLMSPLQISDPFGSFPHSPTMDNYPKLEEMMLLSNGAPQFLGAAGTPEGSGGNSSSSTSSGGGGGGGSNSGSSAFNPQGEPSEQPYEHLTTESFSDIALNNEKAMVETSYPSQTTRLPPITYTGRFSLEPAPNSGNTLWPEPLFSLVSGLVSMTNPPTSSSSAPSPAASSSSSASQSPPLSCAVPSNDSSPIYSAAPTFPTPNTDIFPEPQSQAFPGSAGTALQYPPPAYPATKGGFQVPMIPDYLFPQQQGDLSLGTPDQKPFQGLENRTQQPSLTPLSTIKAFATQSGSQDLKALNTTYQSQLIKPSRMRKYPNRPSKTPPHERPYACPVESCDRRFSEESNLRRHIRIHTGQKPFQCRICMRNFSRRDDLTRHIRTHTGEKPFACDICGRKFARLDMLARHTKIHLRQKDKKADKSVVASPAASSLSSYPSPVATSYPSPATTSFPSPVPTSYSSPGSSTYPSPAHSGFPSPSVATTFASVPPAFPTQVSSFPSAGVSSSFSTSTGLSDMTATFSPRTIEIC,,"EESNLRR, RRDDLTR, RLDMLAR","TGQKPFQ, TGEKPFA",3,mouse Zif268 scaffold (https://www.ncbi.nlm.nih.gov/protein/NP_031939.1?feature=any). generated by OPEN
,VEGF-A,Maeder 2008 (doi:10.1016/j.molcel.2008.06.016) Joung,GACGCGGCG,MAAAKAEMQLMSPLQISDPFGSFPHSPTMDNYPKLEEMMLLSNGAPQFLGAAGTPEGSGGNSSSSTSSGGGGGGGSNSGSSAFNPQGEPSEQPYEHLTTESFSDIALNNEKAMVETSYPSQTTRLPPITYTGRFSLEPAPNSGNTLWPEPLFSLVSGLVSMTNPPTSSSSAPSPAASSSSSASQSPPLSCAVPSNDSSPIYSAAPTFPTPNTDIFPEPQSQAFPGSAGTALQYPPPAYPATKGGFQVPMIPDYLFPQQQGDLSLGTPDQKPFQGLENRTQQPSLTPLSTIKAFATQSGSQDLKALNTTYQSQLIKPSRMRKYPNRPSKTPPHERPYACPVESCDRRFSEESNLRRHIRIHTGQKPFQCRICMRNFSRRDDLTRHIRTHTGEKPFACDICGRKFARKDLLHRHTKIHLRQKDKKADKSVVASPAASSLSSYPSPVATSYPSPATTSFPSPVPTSYSSPGSSTYPSPAHSGFPSPSVATTFASVPPAFPTQVSSFPSAGVSSSFSTSTGLSDMTATFSPRTIEIC,,"EESNLRR, RRDDLTR, RKDLLHR","TGQKPFQ, TGEKPFA",3,mouse Zif268 scaffold (https://www.ncbi.nlm.nih.gov/protein/NP_031939.1?feature=any). generated by OPEN
,VEGF-A,Maeder 2008 (doi:10.1016/j.molcel.2008.06.016) Joung,GGCGCCGCC,MAAAKAEMQLMSPLQISDPFGSFPHSPTMDNYPKLEEMMLLSNGAPQFLGAAGTPEGSGGNSSSSTSSGGGGGGGSNSGSSAFNPQGEPSEQPYEHLTTESFSDIALNNEKAMVETSYPSQTTRLPPITYTGRFSLEPAPNSGNTLWPEPLFSLVSGLVSMTNPPTSSSSAPSPAASSSSSASQSPPLSCAVPSNDSSPIYSAAPTFPTPNTDIFPEPQSQAFPGSAGTALQYPPPAYPATKGGFQVPMIPDYLFPQQQGDLSLGTPDQKPFQGLENRTQQPSLTPLSTIKAFATQSGSQDLKALNTTYQSQLIKPSRMRKYPNRPSKTPPHERPYACPVESCDRRFSVPSKLLRHIRIHTGQKPFQCRICMRNFSDPSVLTRHIRTHTGEKPFACDICGRKFAEHRGLKRHTKIHLRQKDKKADKSVVASPAASSLSSYPSPVATSYPSPATTSFPSPVPTSYSSPGSSTYPSPAHSGFPSPSVATTFASVPPAFPTQVSSFPSAGVSSSFSTSTGLSDMTATFSPRTIEIC,,"VPSKLLR, DPSVLTR, EHRGLKR","TGQKPFQ, TGEKPFA",3,mouse Zif268 scaffold (https://www.ncbi.nlm.nih.gov/protein/NP_031939.1?feature=any). generated by OPEN
,VEGF-A,Maeder 2008 (doi:10.1016/j.molcel.2008.06.016) Joung,GGCGCCGCC,MAAAKAEMQLMSPLQISDPFGSFPHSPTMDNYPKLEEMMLLSNGAPQFLGAAGTPEGSGGNSSSSTSSGGGGGGGSNSGSSAFNPQGEPSEQPYEHLTTESFSDIALNNEKAMVETSYPSQTTRLPPITYTGRFSLEPAPNSGNTLWPEPLFSLVSGLVSMTNPPTSSSSAPSPAASSSSSASQSPPLSCAVPSNDSSPIYSAAPTFPTPNTDIFPEPQSQAFPGSAGTALQYPPPAYPATKGGFQVPMIPDYLFPQQQGDLSLGTPDQKPFQGLENRTQQPSLTPLSTIKAFATQSGSQDLKALNTTYQSQLIKPSRMRKYPNRPSKTPPHERPYACPVESCDRRFSTPSKLLRHIRIHTGQKPFQCRICMRNFSDPSVLTRHIRTHTGEKPFACDICGRKFAEHRGLKRHTKIHLRQKDKKADKSVVASPAASSLSSYPSPVATSYPSPATTSFPSPVPTSYSSPGSSTYPSPAHSGFPSPSVATTFASVPPAFPTQVSSFPSAGVSSSFSTSTGLSDMTATFSPRTIEIC,,"TPSKLLR, DPSVLTR, EHRGLKR","TGQKPFQ, TGEKPFA",3,mouse Zif268 scaffold (https://www.ncbi.nlm.nih.gov/protein/NP_031939.1?feature=any). generated by OPEN
,VEGF-A,Maeder 2008 (doi:10.1016/j.molcel.2008.06.016) Joung,GCGGACGTG,MAAAKAEMQLMSPLQISDPFGSFPHSPTMDNYPKLEEMMLLSNGAPQFLGAAGTPEGSGGNSSSSTSSGGGGGGGSNSGSSAFNPQGEPSEQPYEHLTTESFSDIALNNEKAMVETSYPSQTTRLPPITYTGRFSLEPAPNSGNTLWPEPLFSLVSGLVSMTNPPTSSSSAPSPAASSSSSASQSPPLSCAVPSNDSSPIYSAAPTFPTPNTDIFPEPQSQAFPGSAGTALQYPPPAYPATKGGFQVPMIPDYLFPQQQGDLSLGTPDQKPFQGLENRTQQPSLTPLSTIKAFATQSGSQDLKALNTTYQSQLIKPSRMRKYPNRPSKTPPHERPYACPVESCDRRFSKNDTLARHIRIHTGQKPFQCRICMRNFSDRANLRRHIRTHTGEKPFACDICGRKFARPDALSRHTKIHLRQKDKKADKSVVASPAASSLSSYPSPVATSYPSPATTSFPSPVPTSYSSPGSSTYPSPAHSGFPSPSVATTFASVPPAFPTQVSSFPSAGVSSSFSTSTGLSDMTATFSPRTIEIC,,"KNDTLAR, DRANLRR, RPDALSR","TGQKPFQ, TGEKPFA",3,mouse Zif268 scaffold (https://www.ncbi.nlm.nih.gov/protein/NP_031939.1?feature=any). generated by OPEN
,VEGF-A,Maeder 2008 (doi:10.1016/j.molcel.2008.06.016) Joung,GCGGACGTG,MAAAKAEMQLMSPLQISDPFGSFPHSPTMDNYPKLEEMMLLSNGAPQFLGAAGTPEGSGGNSSSSTSSGGGGGGGSNSGSSAFNPQGEPSEQPYEHLTTESFSDIALNNEKAMVETSYPSQTTRLPPITYTGRFSLEPAPNSGNTLWPEPLFSLVSGLVSMTNPPTSSSSAPSPAASSSSSASQSPPLSCAVPSNDSSPIYSAAPTFPTPNTDIFPEPQSQAFPGSAGTALQYPPPAYPATKGGFQVPMIPDYLFPQQQGDLSLGTPDQKPFQGLENRTQQPSLTPLSTIKAFATQSGSQDLKALNTTYQSQLIKPSRMRKYPNRPSKTPPHERPYACPVESCDRRFSRSDTLARHIRIHTGQKPFQCRICMRNFSDQGNLRRHIRTHTGEKPFACDICGRKFARPDALPRHTKIHLRQKDKKADKSVVASPAASSLSSYPSPVATSYPSPATTSFPSPVPTSYSSPGSSTYPSPAHSGFPSPSVATTFASVPPAFPTQVSSFPSAGVSSSFSTSTGLSDMTATFSPRTIEIC,,"RSDTLAR, DQGNLRR, RPDALPR","TGQKPFQ, TGEKPFA",3,mouse Zif268 scaffold (https://www.ncbi.nlm.nih.gov/protein/NP_031939.1?feature=any). generated by OPEN
,HoxB13,Maeder 2008 (doi:10.1016/j.molcel.2008.06.016) Joung,GGGGCTGCC,MAAAKAEMQLMSPLQISDPFGSFPHSPTMDNYPKLEEMMLLSNGAPQFLGAAGTPEGSGGNSSSSTSSGGGGGGGSNSGSSAFNPQGEPSEQPYEHLTTESFSDIALNNEKAMVETSYPSQTTRLPPITYTGRFSLEPAPNSGNTLWPEPLFSLVSGLVSMTNPPTSSSSAPSPAASSSSSASQSPPLSCAVPSNDSSPIYSAAPTFPTPNTDIFPEPQSQAFPGSAGTALQYPPPAYPATKGGFQVPMIPDYLFPQQQGDLSLGTPDQKPFQGLENRTQQPSLTPLSTIKAFATQSGSQDLKALNTTYQSQLIKPSRMRKYPNRPSKTPPHERPYACPVESCDRRFSRSAHLQAHIRIHTGQKPFQCRICMRNFSLSQTLKRHIRTHTGEKPFACDICGRKFAEHRGLKRHTKIHLRQKDKKADKSVVASPAASSLSSYPSPVATSYPSPATTSFPSPVPTSYSSPGSSTYPSPAHSGFPSPSVATTFASVPPAFPTQVSSFPSAGVSSSFSTSTGLSDMTATFSPRTIEIC,,"RSAHLQA, LSQTLKR, EHRGLKR","TGQKPFQ, TGEKPFA",3,mouse Zif268 scaffold (https://www.ncbi.nlm.nih.gov/protein/NP_031939.1?feature=any). generated by OPEN
,HoxB14,Maeder 2008 (doi:10.1016/j.molcel.2008.06.016) Joung,GGGGCTGCC,MAAAKAEMQLMSPLQISDPFGSFPHSPTMDNYPKLEEMMLLSNGAPQFLGAAGTPEGSGGNSSSSTSSGGGGGGGSNSGSSAFNPQGEPSEQPYEHLTTESFSDIALNNEKAMVETSYPSQTTRLPPITYTGRFSLEPAPNSGNTLWPEPLFSLVSGLVSMTNPPTSSSSAPSPAASSSSSASQSPPLSCAVPSNDSSPIYSAAPTFPTPNTDIFPEPQSQAFPGSAGTALQYPPPAYPATKGGFQVPMIPDYLFPQQQGDLSLGTPDQKPFQGLENRTQQPSLTPLSTIKAFATQSGSQDLKALNTTYQSQLIKPSRMRKYPNRPSKTPPHERPYACPVESCDRRFSRGEHLTNHIRIHTGQKPFQCRICMRNFSLSQTLKRHIRTHTGEKPFACDICGRKFAEHRGLKRHTKIHLRQKDKKADKSVVASPAASSLSSYPSPVATSYPSPATTSFPSPVPTSYSSPGSSTYPSPAHSGFPSPSVATTFASVPPAFPTQVSSFPSAGVSSSFSTSTGLSDMTATFSPRTIEIC,,"RGEHLTN, LSQTLKR, EHRGLKR","TGQKPFQ, TGEKPFA",3,mouse Zif268 scaffold (https://www.ncbi.nlm.nih.gov/protein/NP_031939.1?feature=any). generated by OPEN
,HoxB15,Maeder 2008 (doi:10.1016/j.molcel.2008.06.016) Joung,GCCGATGCT,MAAAKAEMQLMSPLQISDPFGSFPHSPTMDNYPKLEEMMLLSNGAPQFLGAAGTPEGSGGNSSSSTSSGGGGGGGSNSGSSAFNPQGEPSEQPYEHLTTESFSDIALNNEKAMVETSYPSQTTRLPPITYTGRFSLEPAPNSGNTLWPEPLFSLVSGLVSMTNPPTSSSSAPSPAASSSSSASQSPPLSCAVPSNDSSPIYSAAPTFPTPNTDIFPEPQSQAFPGSAGTALQYPPPAYPATKGGFQVPMIPDYLFPQQQGDLSLGTPDQKPFQGLENRTQQPSLTPLSTIKAFATQSGSQDLKALNTTYQSQLIKPSRMRKYPNRPSKTPPHERPYACPVESCDRRFSDGSTLNRHIRIHTGQKPFQCRICMRNFSVRHNLTRHIRTHTGEKPFACDICGRKFAVQNSLTRHTKIHLRQKDKKADKSVVASPAASSLSSYPSPVATSYPSPATTSFPSPVPTSYSSPGSSTYPSPAHSGFPSPSVATTFASVPPAFPTQVSSFPSAGVSSSFSTSTGLSDMTATFSPRTIEIC,,"DGSTLNR, VRHNLTR, VQNSLTR","TGQKPFQ, TGEKPFA",3,mouse Zif268 scaffold (https://www.ncbi.nlm.nih.gov/protein/NP_031939.1?feature=any). generated by OPEN
,HoxB16,Maeder 2008 (doi:10.1016/j.molcel.2008.06.016) Joung,GCCGATGCT,MAAAKAEMQLMSPLQISDPFGSFPHSPTMDNYPKLEEMMLLSNGAPQFLGAAGTPEGSGGNSSSSTSSGGGGGGGSNSGSSAFNPQGEPSEQPYEHLTTESFSDIALNNEKAMVETSYPSQTTRLPPITYTGRFSLEPAPNSGNTLWPEPLFSLVSGLVSMTNPPTSSSSAPSPAASSSSSASQSPPLSCAVPSNDSSPIYSAAPTFPTPNTDIFPEPQSQAFPGSAGTALQYPPPAYPATKGGFQVPMIPDYLFPQQQGDLSLGTPDQKPFQGLENRTQQPSLTPLSTIKAFATQSGSQDLKALNTTYQSQLIKPSRMRKYPNRPSKTPPHERPYACPVESCDRRFSDGSTLNRHIRIHTGQKPFQCRICMRNFSIRHNLTRHIRTHTGEKPFACDICGRKFALKHDLRRHTKIHLRQKDKKADKSVVASPAASSLSSYPSPVATSYPSPATTSFPSPVPTSYSSPGSSTYPSPAHSGFPSPSVATTFASVPPAFPTQVSSFPSAGVSSSFSTSTGLSDMTATFSPRTIEIC,,"DGSTLNR, IRHNLTR, LKHDLRR","TGQKPFQ, TGEKPFA",3,mouse Zif268 scaffold (https://www.ncbi.nlm.nih.gov/protein/NP_031939.1?feature=any). generated by OPEN
,HoxB17,Maeder 2008 (doi:10.1016/j.molcel.2008.06.016) Joung,GGGGCTGCG,MAAAKAEMQLMSPLQISDPFGSFPHSPTMDNYPKLEEMMLLSNGAPQFLGAAGTPEGSGGNSSSSTSSGGGGGGGSNSGSSAFNPQGEPSEQPYEHLTTESFSDIALNNEKAMVETSYPSQTTRLPPITYTGRFSLEPAPNSGNTLWPEPLFSLVSGLVSMTNPPTSSSSAPSPAASSSSSASQSPPLSCAVPSNDSSPIYSAAPTFPTPNTDIFPEPQSQAFPGSAGTALQYPPPAYPATKGGFQVPMIPDYLFPQQQGDLSLGTPDQKPFQGLENRTQQPSLTPLSTIKAFATQSGSQDLKALNTTYQSQLIKPSRMRKYPNRPSKTPPHERPYACPVESCDRRFSKQDHLTKHIRIHTGQKPFQCRICMRNFSLSQTLKRHIRTHTGEKPFACDICGRKFARLDMLARHTKIHLRQKDKKADKSVVASPAASSLSSYPSPVATSYPSPATTSFPSPVPTSYSSPGSSTYPSPAHSGFPSPSVATTFASVPPAFPTQVSSFPSAGVSSSFSTSTGLSDMTATFSPRTIEIC,,"KQDHLTK, LSQTLKR, RLDMLAR","TGQKPFQ, TGEKPFA",3,mouse Zif268 scaffold (https://www.ncbi.nlm.nih.gov/protein/NP_031939.1?feature=any). generated by OPEN
,HoxB18,Maeder 2008 (doi:10.1016/j.molcel.2008.06.016) Joung,GGGGCTGCG,MAAAKAEMQLMSPLQISDPFGSFPHSPTMDNYPKLEEMMLLSNGAPQFLGAAGTPEGSGGNSSSSTSSGGGGGGGSNSGSSAFNPQGEPSEQPYEHLTTESFSDIALNNEKAMVETSYPSQTTRLPPITYTGRFSLEPAPNSGNTLWPEPLFSLVSGLVSMTNPPTSSSSAPSPAASSSSSASQSPPLSCAVPSNDSSPIYSAAPTFPTPNTDIFPEPQSQAFPGSAGTALQYPPPAYPATKGGFQVPMIPDYLFPQQQGDLSLGTPDQKPFQGLENRTQQPSLTPLSTIKAFATQSGSQDLKALNTTYQSQLIKPSRMRKYPNRPSKTPPHERPYACPVESCDRRFSKKDHLHRHIRIHTGQKPFQCRICMRNFSLSQTLKRHIRTHTGEKPFACDICGRKFARLDMLARHTKIHLRQKDKKADKSVVASPAASSLSSYPSPVATSYPSPATTSFPSPVPTSYSSPGSSTYPSPAHSGFPSPSVATTFASVPPAFPTQVSSFPSAGVSSSFSTSTGLSDMTATFSPRTIEIC,,"KKDHLHR, LSQTLKR, RLDMLAR","TGQKPFQ, TGEKPFA",3,mouse Zif268 scaffold (https://www.ncbi.nlm.nih.gov/protein/NP_031939.1?feature=any). generated by OPEN
,HoxB19,Maeder 2008 (doi:10.1016/j.molcel.2008.06.016) Joung,GCCTTTGAG,MAAAKAEMQLMSPLQISDPFGSFPHSPTMDNYPKLEEMMLLSNGAPQFLGAAGTPEGSGGNSSSSTSSGGGGGGGSNSGSSAFNPQGEPSEQPYEHLTTESFSDIALNNEKAMVETSYPSQTTRLPPITYTGRFSLEPAPNSGNTLWPEPLFSLVSGLVSMTNPPTSSSSAPSPAASSSSSASQSPPLSCAVPSNDSSPIYSAAPTFPTPNTDIFPEPQSQAFPGSAGTALQYPPPAYPATKGGFQVPMIPDYLFPQQQGDLSLGTPDQKPFQGLENRTQQPSLTPLSTIKAFATQSGSQDLKALNTTYQSQLIKPSRMRKYPNRPSKTPPHERPYACPVESCDRRFSAKRDLDRHIRIHTGQKPFQCRICMRNFSSPNGLIIHIRTHTGEKPFACDICGRKFAVHWNLKRHTKIHLRQKDKKADKSVVASPAASSLSSYPSPVATSYPSPATTSFPSPVPTSYSSPGSSTYPSPAHSGFPSPSVATTFASVPPAFPTQVSSFPSAGVSSSFSTSTGLSDMTATFSPRTIEIC,,"AKRDLDR, SPNGLII, VHWNLKR","TGQKPFQ, TGEKPFA",3,mouse Zif268 scaffold (https://www.ncbi.nlm.nih.gov/protein/NP_031939.1?feature=any). generated by OPEN
,HoxB20,Maeder 2008 (doi:10.1016/j.molcel.2008.06.016) Joung,GCCTTTGAG,MAAAKAEMQLMSPLQISDPFGSFPHSPTMDNYPKLEEMMLLSNGAPQFLGAAGTPEGSGGNSSSSTSSGGGGGGGSNSGSSAFNPQGEPSEQPYEHLTTESFSDIALNNEKAMVETSYPSQTTRLPPITYTGRFSLEPAPNSGNTLWPEPLFSLVSGLVSMTNPPTSSSSAPSPAASSSSSASQSPPLSCAVPSNDSSPIYSAAPTFPTPNTDIFPEPQSQAFPGSAGTALQYPPPAYPATKGGFQVPMIPDYLFPQQQGDLSLGTPDQKPFQGLENRTQQPSLTPLSTIKAFATQSGSQDLKALNTTYQSQLIKPSRMRKYPNRPSKTPPHERPYACPVESCDRRFSDRRGLVRHIRIHTGQKPFQCRICMRNFSSPNGLQVHIRTHTGEKPFACDICGRKFASASNLTRHTKIHLRQKDKKADKSVVASPAASSLSSYPSPVATSYPSPATTSFPSPVPTSYSSPGSSTYPSPAHSGFPSPSVATTFASVPPAFPTQVSSFPSAGVSSSFSTSTGLSDMTATFSPRTIEIC,,"DRRGLVR, SPNGLQV, SASNLTR","TGQKPFQ, TGEKPFA",3,mouse Zif268 scaffold (https://www.ncbi.nlm.nih.gov/protein/NP_031939.1?feature=any). generated by OPEN
,HoxB21,Maeder 2008 (doi:10.1016/j.molcel.2008.06.016) Joung,GCAGTGTGG,MAAAKAEMQLMSPLQISDPFGSFPHSPTMDNYPKLEEMMLLSNGAPQFLGAAGTPEGSGGNSSSSTSSGGGGGGGSNSGSSAFNPQGEPSEQPYEHLTTESFSDIALNNEKAMVETSYPSQTTRLPPITYTGRFSLEPAPNSGNTLWPEPLFSLVSGLVSMTNPPTSSSSAPSPAASSSSSASQSPPLSCAVPSNDSSPIYSAAPTFPTPNTDIFPEPQSQAFPGSAGTALQYPPPAYPATKGGFQVPMIPDYLFPQQQGDLSLGTPDQKPFQGLENRTQQPSLTPLSTIKAFATQSGSQDLKALNTTYQSQLIKPSRMRKYPNRPSKTPPHERPYACPVESCDRRFSNKTDLGRHIRIHTGQKPFQCRICMRNFSRMDVLTRHIRTHTGEKPFACDICGRKFARSDHLSLHTKIHLRQKDKKADKSVVASPAASSLSSYPSPVATSYPSPATTSFPSPVPTSYSSPGSSTYPSPAHSGFPSPSVATTFASVPPAFPTQVSSFPSAGVSSSFSTSTGLSDMTATFSPRTIEIC,,"NKTDLGR, RMDVLTR, RSDHLSL","TGQKPFQ, TGEKPFA",3,mouse Zif268 scaffold (https://www.ncbi.nlm.nih.gov/protein/NP_031939.1?feature=any). generated by OPEN
,HoxB22,Maeder 2008 (doi:10.1016/j.molcel.2008.06.016) Joung,GCAGTGTGG,MAAAKAEMQLMSPLQISDPFGSFPHSPTMDNYPKLEEMMLLSNGAPQFLGAAGTPEGSGGNSSSSTSSGGGGGGGSNSGSSAFNPQGEPSEQPYEHLTTESFSDIALNNEKAMVETSYPSQTTRLPPITYTGRFSLEPAPNSGNTLWPEPLFSLVSGLVSMTNPPTSSSSAPSPAASSSSSASQSPPLSCAVPSNDSSPIYSAAPTFPTPNTDIFPEPQSQAFPGSAGTALQYPPPAYPATKGGFQVPMIPDYLFPQQQGDLSLGTPDQKPFQGLENRTQQPSLTPLSTIKAFATQSGSQDLKALNTTYQSQLIKPSRMRKYPNRPSKTPPHERPYACPVESCDRRFSNKTDLGRHIRIHTGQKPFQCRICMRNFSRRDMLRRHIRTHTGEKPFACDICGRKFARMDHLAGHTKIHLRQKDKKADKSVVASPAASSLSSYPSPVATSYPSPATTSFPSPVPTSYSSPGSSTYPSPAHSGFPSPSVATTFASVPPAFPTQVSSFPSAGVSSSFSTSTGLSDMTATFSPRTIEIC,,"NKTDLGR, RRDMLRR, RMDHLAG","TGQKPFQ, TGEKPFA",3,mouse Zif268 scaffold (https://www.ncbi.nlm.nih.gov/protein/NP_031939.1?feature=any). generated by OPEN
,HoxB23,Maeder 2008 (doi:10.1016/j.molcel.2008.06.016) Joung,GCCGGTTGG,MAAAKAEMQLMSPLQISDPFGSFPHSPTMDNYPKLEEMMLLSNGAPQFLGAAGTPEGSGGNSSSSTSSGGGGGGGSNSGSSAFNPQGEPSEQPYEHLTTESFSDIALNNEKAMVETSYPSQTTRLPPITYTGRFSLEPAPNSGNTLWPEPLFSLVSGLVSMTNPPTSSSSAPSPAASSSSSASQSPPLSCAVPSNDSSPIYSAAPTFPTPNTDIFPEPQSQAFPGSAGTALQYPPPAYPATKGGFQVPMIPDYLFPQQQGDLSLGTPDQKPFQGLENRTQQPSLTPLSTIKAFATQSGSQDLKALNTTYQSQLIKPSRMRKYPNRPSKTPPHERPYACPVESCDRRFSDESTLRRHIRIHTGQKPFQCRICMRNFSMKHHLGRHIRTHTGEKPFACDICGRKFARSDHLSLHTKIHLRQKDKKADKSVVASPAASSLSSYPSPVATSYPSPATTSFPSPVPTSYSSPGSSTYPSPAHSGFPSPSVATTFASVPPAFPTQVSSFPSAGVSSSFSTSTGLSDMTATFSPRTIEIC,,"DESTLRR, MKHHLGR, RSDHLSL","TGQKPFQ, TGEKPFA",3,mouse Zif268 scaffold (https://www.ncbi.nlm.nih.gov/protein/NP_031939.1?feature=any). generated by OPEN
,HoxB24,Maeder 2008 (doi:10.1016/j.molcel.2008.06.016) Joung,GCCGGTTGG,MAAAKAEMQLMSPLQISDPFGSFPHSPTMDNYPKLEEMMLLSNGAPQFLGAAGTPEGSGGNSSSSTSSGGGGGGGSNSGSSAFNPQGEPSEQPYEHLTTESFSDIALNNEKAMVETSYPSQTTRLPPITYTGRFSLEPAPNSGNTLWPEPLFSLVSGLVSMTNPPTSSSSAPSPAASSSSSASQSPPLSCAVPSNDSSPIYSAAPTFPTPNTDIFPEPQSQAFPGSAGTALQYPPPAYPATKGGFQVPMIPDYLFPQQQGDLSLGTPDQKPFQGLENRTQQPSLTPLSTIKAFATQSGSQDLKALNTTYQSQLIKPSRMRKYPNRPSKTPPHERPYACPVESCDRRFSSKKSLTRHIRIHTGQKPFQCRICMRNFSEAHHLSRHIRTHTGEKPFACDICGRKFARSDHLSLHTKIHLRQKDKKADKSVVASPAASSLSSYPSPVATSYPSPATTSFPSPVPTSYSSPGSSTYPSPAHSGFPSPSVATTFASVPPAFPTQVSSFPSAGVSSSFSTSTGLSDMTATFSPRTIEIC,,"SKKSLTR, EAHHLSR, RSDHLSL","TGQKPFQ, TGEKPFA",3,mouse Zif268 scaffold (https://www.ncbi.nlm.nih.gov/protein/NP_031939.1?feature=any). generated by OPEN
,HoxB25,Maeder 2008 (doi:10.1016/j.molcel.2008.06.016) Joung,TCTGAGTGG,MAAAKAEMQLMSPLQISDPFGSFPHSPTMDNYPKLEEMMLLSNGAPQFLGAAGTPEGSGGNSSSSTSSGGGGGGGSNSGSSAFNPQGEPSEQPYEHLTTESFSDIALNNEKAMVETSYPSQTTRLPPITYTGRFSLEPAPNSGNTLWPEPLFSLVSGLVSMTNPPTSSSSAPSPAASSSSSASQSPPLSCAVPSNDSSPIYSAAPTFPTPNTDIFPEPQSQAFPGSAGTALQYPPPAYPATKGGFQVPMIPDYLFPQQQGDLSLGTPDQKPFQGLENRTQQPSLTPLSTIKAFATQSGSQDLKALNTTYQSQLIKPSRMRKYPNRPSKTPPHERPYACPVESCDRRFSSKPNLKMHIRIHTGQKPFQCRICMRNFSRQDNLGRHIRTHTGEKPFACDICGRKFARMDHLAGHTKIHLRQKDKKADKSVVASPAASSLSSYPSPVATSYPSPATTSFPSPVPTSYSSPGSSTYPSPAHSGFPSPSVATTFASVPPAFPTQVSSFPSAGVSSSFSTSTGLSDMTATFSPRTIEIC,,"SKPNLKM, RQDNLGR, RMDHLAG","TGQKPFQ, TGEKPFA",3,mouse Zif268 scaffold (https://www.ncbi.nlm.nih.gov/protein/NP_031939.1?feature=any). generated by OPEN
,HoxB26,Maeder 2008 (doi:10.1016/j.molcel.2008.06.016) Joung,TCTGAGTGG,MAAAKAEMQLMSPLQISDPFGSFPHSPTMDNYPKLEEMMLLSNGAPQFLGAAGTPEGSGGNSSSSTSSGGGGGGGSNSGSSAFNPQGEPSEQPYEHLTTESFSDIALNNEKAMVETSYPSQTTRLPPITYTGRFSLEPAPNSGNTLWPEPLFSLVSGLVSMTNPPTSSSSAPSPAASSSSSASQSPPLSCAVPSNDSSPIYSAAPTFPTPNTDIFPEPQSQAFPGSAGTALQYPPPAYPATKGGFQVPMIPDYLFPQQQGDLSLGTPDQKPFQGLENRTQQPSLTPLSTIKAFATQSGSQDLKALNTTYQSQLIKPSRMRKYPNRPSKTPPHERPYACPVESCDRRFSSKPNLKMHIRIHTGQKPFQCRICMRNFSRGDNLGRHIRTHTGEKPFACDICGRKFARSDHLSLHTKIHLRQKDKKADKSVVASPAASSLSSYPSPVATSYPSPATTSFPSPVPTSYSSPGSSTYPSPAHSGFPSPSVATTFASVPPAFPTQVSSFPSAGVSSSFSTSTGLSDMTATFSPRTIEIC,,"SKPNLKM, RGDNLGR, RSDHLSL","TGQKPFQ, TGEKPFA",3,mouse Zif268 scaffold (https://www.ncbi.nlm.nih.gov/protein/NP_031939.1?feature=any). generated by OPEN
,HoxB27,Maeder 2008 (doi:10.1016/j.molcel.2008.06.016) Joung,GAGGAAGGG,MAAAKAEMQLMSPLQISDPFGSFPHSPTMDNYPKLEEMMLLSNGAPQFLGAAGTPEGSGGNSSSSTSSGGGGGGGSNSGSSAFNPQGEPSEQPYEHLTTESFSDIALNNEKAMVETSYPSQTTRLPPITYTGRFSLEPAPNSGNTLWPEPLFSLVSGLVSMTNPPTSSSSAPSPAASSSSSASQSPPLSCAVPSNDSSPIYSAAPTFPTPNTDIFPEPQSQAFPGSAGTALQYPPPAYPATKGGFQVPMIPDYLFPQQQGDLSLGTPDQKPFQGLENRTQQPSLTPLSTIKAFATQSGSQDLKALNTTYQSQLIKPSRMRKYPNRPSKTPPHERPYACPVESCDRRFSKKTNLTRHIRIHTGQKPFQCRICMRNFSQMSNLDRHIRTHTGEKPFACDICGRKFARIDKLGGHTKIHLRQKDKKADKSVVASPAASSLSSYPSPVATSYPSPATTSFPSPVPTSYSSPGSSTYPSPAHSGFPSPSVATTFASVPPAFPTQVSSFPSAGVSSSFSTSTGLSDMTATFSPRTIEIC,,"KKTNLTR, QMSNLDR, RIDKLGG","TGQKPFQ, TGEKPFA",3,mouse Zif268 scaffold (https://www.ncbi.nlm.nih.gov/protein/NP_031939.1?feature=any). generated by OPEN
,HoxB28,Maeder 2008 (doi:10.1016/j.molcel.2008.06.016) Joung,GAGGAAGGG,MAAAKAEMQLMSPLQISDPFGSFPHSPTMDNYPKLEEMMLLSNGAPQFLGAAGTPEGSGGNSSSSTSSGGGGGGGSNSGSSAFNPQGEPSEQPYEHLTTESFSDIALNNEKAMVETSYPSQTTRLPPITYTGRFSLEPAPNSGNTLWPEPLFSLVSGLVSMTNPPTSSSSAPSPAASSSSSASQSPPLSCAVPSNDSSPIYSAAPTFPTPNTDIFPEPQSQAFPGSAGTALQYPPPAYPATKGGFQVPMIPDYLFPQQQGDLSLGTPDQKPFQGLENRTQQPSLTPLSTIKAFATQSGSQDLKALNTTYQSQLIKPSRMRKYPNRPSKTPPHERPYACPVESCDRRFSKLTNLTRHIRIHTGQKPFQCRICMRNFSQMSNLDRHIRTHTGEKPFACDICGRKFARGDKLGHHTKIHLRQKDKKADKSVVASPAASSLSSYPSPVATSYPSPATTSFPSPVPTSYSSPGSSTYPSPAHSGFPSPSVATTFASVPPAFPTQVSSFPSAGVSSSFSTSTGLSDMTATFSPRTIEIC,,"KLTNLTR, QMSNLDR, RGDKLGH","TGQKPFQ, TGEKPFA",3,mouse Zif268 scaffold (https://www.ncbi.nlm.nih.gov/protein/NP_031939.1?feature=any). generated by OPEN
,SuRA,Maeder 2008 (doi:10.1016/j.molcel.2008.06.016) Joung,TTCGGAGAA,MAAAKAEMQLMSPLQISDPFGSFPHSPTMDNYPKLEEMMLLSNGAPQFLGAAGTPEGSGGNSSSSTSSGGGGGGGSNSGSSAFNPQGEPSEQPYEHLTTESFSDIALNNEKAMVETSYPSQTTRLPPITYTGRFSLEPAPNSGNTLWPEPLFSLVSGLVSMTNPPTSSSSAPSPAASSSSSASQSPPLSCAVPSNDSSPIYSAAPTFPTPNTDIFPEPQSQAFPGSAGTALQYPPPAYPATKGGFQVPMIPDYLFPQQQGDLSLGTPDQKPFQGLENRTQQPSLTPLSTIKAFATQSGSQDLKALNTTYQSQLIKPSRMRKYPNRPSKTPPHERPYACPVESCDRRFSRPNHLAIHIRIHTGQKPFQCRICMRNFSQSPHLKRHIRTHTGEKPFACDICGRKFAQSNNLTRHTKIHLRQKDKKADKSVVASPAASSLSSYPSPVATSYPSPATTSFPSPVPTSYSSPGSSTYPSPAHSGFPSPSVATTFASVPPAFPTQVSSFPSAGVSSSFSTSTGLSDMTATFSPRTIEIC,,"RPNHLAI, QSPHLKR, QSNNLTR","TGQKPFQ, TGEKPFA",3,mouse Zif268 scaffold (https://www.ncbi.nlm.nih.gov/protein/NP_031939.1?feature=any). generated by OPEN
,hF9,Li 2011 (doi:10.1038/nature10177) Sangamo,ACACAGTACCTGGCA,MDYKDHDGDYKDHDIDYKDDDDKMAPKKKRKVGIHGVPAAMAERPFQCRICMRKFAQSGDLTRHTKIHTGEKPFQCRICMRNFSRSDVLSEHIRTHTGEKPFACDICGKKFADRSNRIKHTKIHTGSQKPFQCRICMRNFSRSDNLSEHIRTHTGEKPFACDICGRKFAQNATRINHTKIHLRGSQLVKSELEEKKSELRHKLKYVPHEYIELIEIARNSTQDRILEMKVMEFFMKVYGYRGKHLGGSRKPDGAIYTVGSPIDYGVIVDTKAYSGGYNLPIGQADEMERYVEENQTRNKHLNPNEWWKVYPSSVTEFKFLFVSGHFKGNYKAQLTRLNHITNCNGAVLSVEELLIGGEMIKAGTLTLEEVRRKFNNGEINF,,,,,"mouse Zif268 scaffold (Li 2011 cited this article: https://www.nature.com/articles/nature03556, which cited Klug: https://www.pnas.org/content/98/4/1437). generated by modular assembly."
,hF10,Li 2011 (doi:10.1038/nature10177) Sangamo,ACTAGGGGTATG,MDYKDHDGDYKDHDIDYKDDDDKMAPKKKRKVGIHGVPERPFQCQICMRNFSRSDSLSVHIRTHTGEKPFACDICGRKFATSGHLSRHTKIHTGSQKPFQCRICMRNFSRSDHLSQHIRTHTGEKPFACDICGRKFAHASTRHCHTKIHLRGSQLVKSELEEKKSELRHKLKYVPHEYIELIEIARNSTQDRILEMKVMEFFMKVYGYRGKHLGGSRKPDGAIYTVGSPIDYGVIVDTKAYSGGYNLPIGQADEMQRYVKENQTRNKHINPNEWWKVYPSSVTEFKFLFVSGHFKGNYKAQLTRLNHKTNCNGAVLSVEELLIGGEMIKAGTLTLEEVRRKFNNGEINF,,,,,"mouse Zif268 scaffold (Li 2011 cited this article: https://www.nature.com/articles/nature03556, which cited Klug: https://www.pnas.org/content/98/4/1437). generated by modular assembly."
,CCR5,Lombardo 2007 (doi:10.1038/nbt1353) ,GATGAGGATGAC,MDYKDHDGDYKDHDIDYKDDDDKMAPKKKRKVGIHGVPAAMAERPFQCRICMRNFSDRSNLSRHIRTHTGEKPFACDICGRKFAISSNLNSHTKIHTGSQKPFQCRICMRNFSRSDNLARHIRTHTGEKPFACDICGRKFASGNLTRHTKIHLRGSQLVKSELEEKKSELRHKLKYVPHEYIELIEIARNSTQDRILEMKVMEFFMKVYGYRGKHLGGSRKPDGAIYTVGSPIDYGVIVDTKAYSGGYNLPIGQADEMQRYVEENQTRNKHINPNEWWKVYPSSVTEFKFLFVSGHFKGNYKAQLTRLNHITNCNGAVLSVEELLIGGEMIKAGTLTLEEVRRKFNNGEIN,,"DRSNLSR, ISSNLNS, RSDNLAR, TSGNLTR",,4,"""ZFN-L"""
,CCR6,Lombardo 2007 (doi:10.1038/nbt1353) ,AAACTGCAAAAG,MDYKDHDGDYKDHDIDYKDDDDKMAPKKKRKVGIHGVPAAMAERPFQCRICMRNFSRSDNLSVHIRTHTGEKPFACDICGRKFAQKINLQVHTKIHTGEKPFQCRICMRNFSRSDVLSEHIRTHTGEKPFACDICGRKFAQRNHRTTHTKIHLRGSQLVKSELEEKKSELRHKLKYVPHEYIELIEIARNSTQDRILEMKVMEFFMKVYGYRGKHLGGSRKPDGAIYTVGSPIDYGVIVDTKAYSGGYNLPIGQADEMQRYVEENQTRNKHINPNEWWKVYPSSVTEFKFLFVSGHFKGNYKAQLTRLNHITNCNGAVLSVEELLIGGEMIKAGTLTLEEVRRKFNNGEINF,,"RSDNLSV, QKINLQV, RSDVLSE, QRNHRTT",,4,"""ZFN-R"""
,MAPT,Wegmann 2021 (10.1126/sciadv.abe1611) Sangamo,GGGCGGGCAGCG,MAPKKKRKVGVPAAMAERPFQCRICMRNFSRSDNLARHIRTHTGEKPFACDICGRK FADRSHLARHTKIHTGSQKPFQCRICMRNFSQSGNLARHIRTHTGEKPFACDICGR KFAQSNTRIMHTKIHLRQKDAARGSGGDAKSLTAWSRTLVTFKDVFVDFTREEWKL LDTAQQIVYRNVMLENYKNLVSLGYQLTKPDVILRLEKGEEPWLVEREIHQETHPD SETAFEIKSSVRS,,"RSADLTR, QSGDLTR, RSDHLSE, RSAHLSR","TGEKPFA, TGSQKPFQ, TGEKPFA",4,
,MAPT,Wegmann 2021 (10.1126/sciadv.abe1611) Sangamo,ACAGAAGGCGAG,MAPKKKRKVGVPAAMAERPFQCRICMRNFSRSDNLARHIRTHTGEKPFACDICGRK FADRSHLARHTKIHTGSQKPFQCRICMRNFSQSGNLARHIRTHTGEKPFACDICGR KFAQSNTRIMHTKIHLRQKDAARGSGGDAKSLTAWSRTLVTFKDVFVDFTREEWKL LDTAQQIVYRNVMLENYKNLVSLGYQLTKPDVILRLEKGEEPWLVEREIHQETHPD SETAFEIKSSVRS,,"RSDNLAR, DRSHLAR, QSGNLAR, QSNTRIM","TGEKPFA, TGSQKPFQ, TGEKPFA",4,
,MAPT,Wegmann 2021 (10.1126/sciadv.abe1611) Sangamo,GTTGCGCCTGATtGATGCC,MAPKKKRKVGVPAAMAERPFQCRICMRNFSERGTLARHIRTHTGEKPFACDICGRK FATSANLSRHTKIHTHPRAPIPKPFQCRICMRNFSTSGNLTRHIRTHTGEKPFACD ICGRKFAHRTSLTDHTKIHTGSQKPFQCRICMRNFSRSHSLLRHIRTHTGEKPFAC DICGRKFAHPSARKRHTKIHLRQKDAARGSGGDAKSLTAWSRTLVTFKDVFVDFTR EEWKLLDTAQQIVYRNVMLENYKNLVSLGYQLTKPDVILRLEKGEEPWLVEREIHQ ETHPDSETAFEIKSSVRS,,"ERGTLAR, TSANLSR, TSGNLTR, HRTSLTD, RSHSLLR, HPSARKR","TGEKPFA, TGSQKPFQ, TGEKPFA",6,
,MAPT,Wegmann 2021 (10.1126/sciadv.abe1611) Sangamo,CCAGAAGGGGATCATGAC,MAPKKKRKVGVPAAMAERPFQCRICMRNFSLRHHLTRHIRTHTGEKPFACDICGRK FARRFTLSKHTKIHTGSQKPFQCRICMRNFSRSDVLSEHIRTHTGEKPFACDICGR KFAKHSTRRVHTKIHTGSQKPFQCRICMRNFSRSDVLSEHIRTHTGEKPFACDICG RKFARLYTLHKHTKIHLRQKDAARGSGGDAKSLTAWSRTLVTFKDVFVDFTREEWK LLDTAQQIVYRNVMLENYKNLVSLGYQLTKPDVILRLEKGEEPWLVEREIHQETHP DSETAFEIKSSVRS,,"LRHHLTR, RRFTLSK, RSDVLSE, KHSTRRV, RSDVLSE, RLYTLHK","TGEKPFA, TGSQKPFQ, TGEKPFA, TGSQKPFQ, TGEKPFA",6,
,MAPT,Wegmann 2021 (10.1126/sciadv.abe1611) Sangamo,GTGCTGGAGCTGGTGGGT,MAPKKKRKVGVPAAMAERPFQCRICMRNFSDRSNLSRHIRTHTGEKPFACDICGRK FALRQNLIMHTKIHTGSQKPFQCRICMRNFSTSANLTVHIRTHTGEKPFACDICGR KFARSDHLSRHTKIHTGSQKPFQCRICMRNFSQSGNLARHIRTHTGEKPFACDICG RKFAQRNDRKSHTKIHLRGSGGDAKSLTAWSRTLVTFKDVFVDFTREEWKLLDTAQ QIVYRNVMLENYKNLVSLGYQLTKPDVILRLEKGEEPWLVEREIHQETHPDSETAF EIKSSVRS,,"DRSNLSR, LRQNLIM, TSANLTV, RSDHLSR, QSGNLAR, QRNDRKS","TGEKPFA, TGSQKPFQ, TGEKPFA, TGSQKPFQ, TGEKPFA",6,
,,,,,,,,,
,,,,,,,,,
,human erbB-2,Beerli 1998 (doi: 10.1073/pnas.95.25.14628) Segal,GGAGGGGACg,AQAALEPGEKPFQCRI--CMRNFSRKDSLVRHIRTHTGEKPFQCRICMRNFSQSGDLRRHIRTHTGEKPFQCRICMRNFSDCRDLARHIRTHTGEKPFQCRI--CMRNFSQSSHLVRHIRTHTGEKPFQCRICMRNFSDCRDLARHIRTHTGEKPFQCRICMRNFSRSDKLVRHIRTHTGRSDKQTSGQAG,,,,,
,human erbB-3,Beerli 1998 (doi: 10.1073/pnas.95.25.14628) Segal,GGGGGCGAGg,AQAALEPGEKPFQCRI--CMRNFSRKDSLVRHIRTHTGEKPFQCRICMRNFSQSGDLRRHIRTHTGEKPFQCRICMRNFSDCRDLARHIRTHTGEKPFQCRI--CMRNFSQSSHLVRHIRTHTGEKPFQCRICMRNFSDCRDLARHIRTHTGEKPFQCRICMRNFSRSDKLVRHIRTHTGRSDKQTSGQAG,,,,,
,human erbB-4,Beerli 1998 (doi: 10.1073/pnas.95.25.14628) Segal,GGAGGCGGGg,AQAALEPGEKPFQCRI--CMRNFSRKDSLVRHIRTHTGEKPFQCRICMRNFSQSGDLRRHIRTHTGEKPFQCRICMRNFSDCRDLARHIRTHTGEKPFQCRI--CMRNFSQSSHLVRHIRTHTGEKPFQCRICMRNFSDCRDLARHIRTHTGEKPFQCRICMRNFSRSDKLVRHIRTHTGRSDKQTSGQAG,,,,,
,human erbB-5,Beerli 1998 (doi: 10.1073/pnas.95.25.14628) Segal,GGGGCCGGAg,AQAALEPGEKPFQCRI--CMRNFSRKDSLVRHIRTHTGEKPFQCRICMRNFSQSGDLRRHIRTHTGEKPFQCRICMRNFSDCRDLARHIRTHTGEKPFQCRI--CMRNFSQSSHLVRHIRTHTGEKPFQCRICMRNFSDCRDLARHIRTHTGEKPFQCRICMRNFSRSDKLVRHIRTHTGRSDKQTSGQAG,,,,,
,human erbB-6,Beerli 1998 (doi: 10.1073/pnas.95.25.14628) Segal,GGGGCCGGAg,AQAALEPGEKPYACPVESCDRRFSRKDSLVRHIRIHTGQKPFQCRICMRNFSQSGDLRRHIRTHTGEKPFACDICGRKFSDCRDLARHTKIHTGEKPYACPVESCDRRFSQSSHLVRHIRIHTGQKPFQCRICMRNFSDCRDLARHIRTHTGEKPFACDICGRKFSRSDKLVRHTKIHTG-----TSGQAG,,,,,
,human erbB-7,Beerli 1998 (doi: 10.1073/pnas.95.25.14628) Segal,GGGGCCGGAg,AQAALEPGEKPYACP-E-CGKSFSRKDSLVRHQRTHTGEKPYKCPECGKSFSQSGDLRRHQRTHTGEKPYKCPECGKSFSDCRDLARHQRTHTGEKPYACP-E-CGKSFSQSSHLVRHQRTHTGEKPYKCPECGKSFSDCRDLARHQRTHTGEKPYKCPECGKSFSRSDKLVRHQRTHTG---KKTSGQAG,,,,,
,human erbB-8,Beerli 1998 (doi: 10.1073/pnas.95.25.14628) Segal,GCCGCAGTGg,AQAALEPGEKPFQCRI--CMRNFSRKDSLVRHIRTHTGEKPFQCRICMRNFSQSGDLRRHIRTHTGEKPFQCRICMRNFSDCRDLARHIRTHTGEKPFQCRI--CMRNFSQSSHLVRHIRTHTGEKPFQCRICMRNFSDCRDLARHIRTHTGEKPFQCRICMRNFSRSDKLVRHIRTHTGRSDKQTSGQAG,,,,,
,human erbB-9,Beerli 1998 (doi: 10.1073/pnas.95.25.14628) Segal,GCCGCAGTGg,AQAALEPGEKPYACPVESCDRRFSRKDSLVRHIRIHTGQKPFQCRICMRNFSQSGDLRRHIRTHTGEKPFACDICGRKFSDCRDLARHTKIHTGEKPYACPVESCDRRFSQSSHLVRHIRIHTGQKPFQCRICMRNFSDCRDLARHIRTHTGEKPFACDICGRKFSRSDKLVRHTKIHTG-----TSGQAG,,,,,
,human erbB-10,Beerli 1998 (doi: 10.1073/pnas.95.25.14628) Segal,GCCGCAGTGg,AQAALEPGEKPYACP-E-CGKSFSRKDSLVRHQRTHTGEKPYKCPECGKSFSQSGDLRRHQRTHTGEKPYKCPECGKSFSDCRDLARHQRTHTGEKPYACP-E-CGKSFSQSSHLVRHQRTHTGEKPYKCPECGKSFSDCRDLARHQRTHTGEKPYKCPECGKSFSRSDKLVRHQRTHTG---KKTSGQAG,,,,,
,human erbB-11,Beerli 1998 (doi: 10.1073/pnas.95.25.14628) Segal,GGGGCCGGAGCCGCAGTGg,AQAALEPGEKPFQCRI--CMRNFSRKDSLVRHIRTHTGEKPFQCRICMRNFSQSGDLRRHIRTHTGEKPFQCRICMRNFSDCRDLARHIRTHTGEKPFQCRI--CMRNFSQSSHLVRHIRTHTGEKPFQCRICMRNFSDCRDLARHIRTHTGEKPFQCRICMRNFSRSDKLVRHIRTHTGRSDKQTSGQAG,,,,,
,human erbB-12,Beerli 1998 (doi: 10.1073/pnas.95.25.14628) Segal,GGGGCCGGAGCCGCAGTGg,AQAALEPGEKPYACPVESCDRRFSRKDSLVRHIRIHTGQKPFQCRICMRNFSQSGDLRRHIRTHTGEKPFACDICGRKFSDCRDLARHTKIHTGEKPYACPVESCDRRFSQSSHLVRHIRIHTGQKPFQCRICMRNFSDCRDLARHIRTHTGEKPFACDICGRKFSRSDKLVRHTKIHTG-----TSGQAG,,,,,
,human erbB-13,Beerli 1998 (doi: 10.1073/pnas.95.25.14628) Segal,GGGGCCGGAGCCGCAGTGa,AQAALEPGEKPYACPVESCDRRFSRKDSLVRHIRIHTGQKPFQCRICMRNFSQSGDLRRHIRTHTGEKPFACDICGRKFSDCRDLARHTKIHTGEKPYACPVESCDRRFSQSSHLVRHIRIHTGQKPFQCRICMRNFSDCRDLARHIRTHTGEKPFACDICGRKFSRSDKLVRHTKIHTG-----TSGQAG,,,,,
,human erbB-14,Beerli 1998 (doi: 10.1073/pnas.95.25.14628) Segal,AGTCTGAATGCCGCAGTGg,AQAALEPGEKPYACPVESCDRRFSRKDSLVRHIRIHTGQKPFQCRICMRNFSQSGDLRRHIRTHTGEKPFACDICGRKFSDCRDLARHTKIHTGEKPYACPVESCDRRFSQSSHLVRHIRIHTGQKPFQCRICMRNFSDCRDLARHIRTHTGEKPFACDICGRKFSRSDKLVRHTKIHTG-----TSGQAG,,,,,
,human erbB-15,Beerli 1998 (doi: 10.1073/pnas.95.25.14628) Segal,GGGGCCGGAAGTCTGAATg,AQAALEPGEKPYACPVESCDRRFSRKDSLVRHIRIHTGQKPFQCRICMRNFSQSGDLRRHIRTHTGEKPFACDICGRKFSDCRDLARHTKIHTGEKPYACPVESCDRRFSQSSHLVRHIRIHTGQKPFQCRICMRNFSDCRDLARHIRTHTGEKPFACDICGRKFSRSDKLVRHTKIHTG-----TSGQAG,,,,,
,human erbB-16,Beerli 1998 (doi: 10.1073/pnas.95.25.14628) Segal,GGGGCCGGAGCCGCAGTGG,AQAALEPGEKPYACP-E-CGKSFSRKDSLVRHQRTHTGEKPYKCPECGKSFSQSGDLRRHQRTHTGEKPYKCPECGKSFSDCRDLARHQRTHTGEKPYACP-E-CGKSFSQSSHLVRHQRTHTGEKPYKCPECGKSFSDCRDLARHQRTHTGEKPYKCPECGKSFSRSDKLVRHQRTHTG---KKTSGQAG,,,,,
,human erbB-17,Beerli 1998 (doi: 10.1073/pnas.95.25.14628) Segal,GGGGCCGGAGCCGCAGTGa,AQAALEPGEKPYACP-E-CGKSFSRKDSLVRHQRTHTGEKPYKCPECGKSFSQSGDLRRHQRTHTGEKPYKCPECGKSFSDCRDLARHQRTHTGEKPYACP-E-CGKSFSQSSHLVRHQRTHTGEKPYKCPECGKSFSDCRDLARHQRTHTGEKPYKCPECGKSFSRSDKLVRHQRTHTG---KKTSGQAG,,,,,
,human erbB-18,Beerli 1998 (doi: 10.1073/pnas.95.25.14628) Segal,AGTCTGAATGCCGCAGTGg,AQAALEPGEKPYACP-E-CGKSFSRKDSLVRHQRTHTGEKPYKCPECGKSFSQSGDLRRHQRTHTGEKPYKCPECGKSFSDCRDLARHQRTHTGEKPYACP-E-CGKSFSQSSHLVRHQRTHTGEKPYKCPECGKSFSDCRDLARHQRTHTGEKPYKCPECGKSFSRSDKLVRHQRTHTG---KKTSGQAG,,,,,
,human erbB-19,Beerli 1998 (doi: 10.1073/pnas.95.25.14628) Segal,GGGGCCGGAAGTCTGAATg,AQAALEPGEKPYACP-E-CGKSFSRKDSLVRHQRTHTGEKPYKCPECGKSFSQSGDLRRHQRTHTGEKPYKCPECGKSFSDCRDLARHQRTHTGEKPYACP-E-CGKSFSQSSHLVRHQRTHTGEKPYKCPECGKSFSDCRDLARHQRTHTGEKPYKCPECGKSFSRSDKLVRHQRTHTG---KKTSGQAG,,,,,
,rrsA27,Kim 2010 (doi: 10.1093/nar/gkq1214) Segal,GATTGAACGCTGGCGGCA,TSGNLVRQAGHLASRTDTLRDRNDALTERSDDLVRQSGDLRR,,,,,
,rrsA62,,GGCCTAACACATGCAAGT,DPGHLVRQNSTLTESPADLTRTSGNLTEQSGDLRRHRTTLTN,,,,,
,rrsA125,,TGGGAAACTGCCTGATGG,RSDHLTTQSSNLVRTHLDLIRDCRDLARQAGHLASRSDHLTT,,,,,
,rrsA160,,AGGGGGATAACTACTGGA,RSDHLTNRSDKLVRQKSSLIATHLDLIRTHLDLIRQRAHLER,,,,,
,rrsA1175,,GAGGAAGGT,RSDNLVRQSSNLVRTSGHLVR,,,,,
,rrsA1192,,GGGGATGAC,RSDKLVRTSGNLVRDPGNLVR,,,,,
,DHFR (MM),Kaplan 2005,GGGGCGGGG,???,,,,,
,DHFR (MM),MM := Mus musculus,GGGGCGGAG,|,,,,,
,DHFR (MM),,GGGGCGGAG,|,,,,,
,MT2VA (HS),HS := Homo sapiens,GGGGCGGGG,|,,,,,
,SV40,(fill in different strand positions),GGGGCGGGA,|,,,,,
,SV40,,GGGGCGGGA,|,,,,,
,SV40,,GGGGCGGAG,|,,,,,
,SV40,,TGGGCGGAG,|,,,,,
,SV40,,TGGGCGGAG,|,,,,,
,SV40,,TGGGCGGAA,|,,,,,
,JunD (MM),,GCGGGGGCG,|,,,,,
,JunD (MM),,GCGGGGGCC,|,,,,,
,beta-globin (MM),,AGGGTGTGG,|,,,,,
,PN1 (RN),RN := ratus norvegius,GCGGGGGCG,|,,,,,
,PN1 (RN),,GCGGGGGAG,|,,,,,
,PN1 (RN),,GCGGGGGCG,|,,,,,
,IL2 (HS),,GGGGGTGGG,|,,,,,
,IL2 (HS),,GGTGGGGAT,|,,,,,
,IL3 (HS),,GCGGGGGGA,|,,,,,
,IL3 (HS),,GGGGGGAGG,|,,,,,
,Dnmt1 (MM),,GGGGAGGTG,|,,,,,
,HBV-LSA,,AAGGCGGGT,|,,,,,
,FGF2 (HS),,TCGGGGGCG,|,,,,,
,FGF2 (HS),,GCGGGGGTG,|,,,,,
,FGF2 (HS),,GGGGCGGGG,|,,,,,
,FGF2 (HS),,TGGGCGGGG,|,,,,,
,MDR1 (HS),,GGGGCGTGG,|,,,,,
,MDR1 (HS),,GCGTGGGCT,|,,,,,
,MDR1 (HS),,GCCGGGGCG,|,,,,,
,MDR1 (HS),,GCGTGGGCT,|,,,,,
,Cx40 (RN),,GGGGAGGGA,|,,,,,
,Cx40 (RN),,TGGGCGGGA,|,,,,,
,Cx40 (RN),,TGGGAGGAG,|,,,,,
,hTERT (HS),,GGGGCGGGG,|,,,,,
,hTERT (HS),,GGGGAGGGG,|,,,,,
,hTERT (HS),,AGGGCGGGG,|,,,,,
,hTERT (HS),,GGGGCTGGG,|,,,,,
,hTERT (HS),,GAGGCGGAG,|,,,,,
,HOXa2 (MM),,GCGTGGGTG,|,,,,,
,HOXa2 (MM),,CTGTGGGCA,|,,,,,
,HOXa2 (MM),,GAGGGGGAG,|,,,,,
,HOXa2 (MM),,GCGTGGGTG,|,,,,,
,HOXa2 (MM),,CCGTGGGAG,???,,,,,
,ERBB-2,Drier B (2005 https://doi.org/10.1074/jbc.M506654200),CAA,QSG-N-LTE,,,,,
,,,CCA,TSH-S-LTE,,,,,
,,,CGA,QLA-H-LKE,,,,,
,,,CTA,"QRH-S-LTE, QNS-T-LTE",,,,,
,,,CAC,SKK-A-LTE,,,,,
,,,CCC,"SVR-N-LRE, SKK-H-LAE",,,,,
,,,CGC,HTG-H-LLE,,,,,
,,,CAG,"RAD-N-LAI, RAD-N-LTE",,,,,
,,,CCG,"RND-T-LTE, RND-T-LQA",,,,,
,,,CGG,"RSD-K-LTE, RSD-H-LTE",,,,,
,,,CTG,RND-A-LTE,,,,,
,,,CAT,TSG-N-LTE,,,,,
,,,CCT,TKN-S-LTE,,,,,
,,,CGT,"SRR-T-CRA, QLR-H-LRE",,,,,
,,,CTT,TTG-A-LTE,,,,,
,ZNF143,Wang et al. 2012 (Table S2),"[[0.023256 0.883721 0.046512 0.046512], [0.279070 0.023256 0.674419 0.023256], [0.302326 0.116279 0.418605 0.162791], [0.093023 0.023256 0.395349 0.488372], [0.000000 0.000000 1.000000 0.000000], [0.046512 0.720930 0.162791 0.069767], [0.511628 0.372093 0.069767 0.046512], [0.000000 0.209302 0.000000 0.790698], [0.046512 0.000000 0.744186 0.209302], [0.046512 0.860465 0.093023 0.000000], [0.023256 0.279070 0.023256 0.674419], [0.000000 0.023256 0.976744 0.000000], [0.000000 0.000000 1.000000 0.000000], [0.069767 0.000000 0.930233 0.000000], [0.883721 0.000000 0.116279 0.000000]]",,,,,,
,,,,,,,,,
,ago2,Zhu et al. (2011 doi: 10.1242/dev.066779) ,aCTCATCCACcagctGGAGATGGCa,,,,,,
,arhgef1,,aATCCGTGACggcgcaGTAAGGGCCc,,,,,,
,braf,,aCACCTCCTCctgggtGATGGGGTGg,,,,,,
,chd5,,cCTCCTCCCCagagccGTAGTCGTAc,,,,,,
,col18a,,aCCCCTGGTCcggaaGTGTGGGTGt,,,,,,
,cxcl12b,,cCTCAACACCgtcccGCAACGGAGc,,,,,,
,cxcr4a,,cGTCTGCACCtctcaGTGGCGGACc,,,,,,
,dab2,,aCTCTCCTTCtccccGAGGGGGTCc,,,,,,
,dicer,,tTTCCTCCACaaagaGGCTGGGATg,,,,,,
,drosha,,tGTCCTCCTCatggcgGTCGATGGTt,,,,,,
,efnb2a,,cCACGCCCAAgagggGCGGCAGCGg,,,,,,
,fli1a,,aCCCCATTCCccctcaGCAAGAGTGg,,,,,,
,gata2a,,cCGCCGCCACagcgggGTGGAGGTGg,,,,,,
,gata3,,cCTCCGCCACagaggaGTCGAGGTGg,,,,,,
,kif1ba,,cTCCCGCACCagtttgGCATTGGGGt,,,,,,
,kif1bb,,aCGCCTCATCgtgacgGTGGAGGAAa,,,,,,
,klf2a,,aCTCTCCCCAgggagCAGGCAGCAt,,,,,,
,micall2,,aGCCCTCCAAtctgaaGGTGCAGGAg,,,,,,
,nf1a,,cACCCTCCTCaggctGTAGAGGAAg,,,,,,
,nf1b,,tTTCCGTTACctgtgtGAGGAGGCAg,,,,,,
,nf1b,,cCGTTACCTGtgtgagGAGGCAGAAa,,,,,,
,numb-like,,cATCCGCCTGccactGGTGTGGTCg,,,,,,
,ptpru,,aCACCTCATCtggacGTGGAGGAGt,,,,,,
,sbno2,,cCTCCTCCTCttcctCGGGTGGTGg,,,,,,
,sgk,,gGACTACATCaatggaGGAGAGGTGt,,,,,,
,spon1b,,cCTCCGCCCCttatcaCAGGTGGAGg,,,,,,
,tie1,,tTCCCACCACtcagcAAGTGGGACg,,,,,,
,trbp,,gACCCTCGGCcttcagCAGGTCGTAc,,,,,,
,yrk,,cACACACCTGtgagtcCAGGAGGACg,,,,,,